customer_id,first_name,last_name,gender,email,city,state,registration_date
1,Danielle,Gould,Other,vporter@example.com,"Lake James",Washington,2024-09-07
2,Angel,Strong,Male,erik19@example.net,"South Amy",Massachusetts,2024-05-04
3,Joshua,Warner,Other,allenkimberly@example.com,Austinville,Vermont,2021-08-08
4,Jeffrey,Cannon,Other,meganwoods@example.com,"North Josephport","South Dakota",2020-07-19
5,Jill,Johnson,Male,stanleyclark@example.org,"Lake Courtneyport","West Virginia",2023-02-06
6,Erica,Zavala,Male,gregoryschneider@example.com,Johnsonstad,Connecticut,2023-08-15
7,Patricia,Dodson,Other,rodriguezcharles@example.com,"West Cynthia",Wyoming,2023-06-01
8,Christopher,George,Female,denise76@example.net,"North Christine",Massachusetts,2023-09-25
9,Robert,Salazar,Other,novakdaniel@example.org,Camachoborough,Maryland,2024-06-08
10,Anthony,Miller,Other,chaneric@example.net,Carriechester,"New Mexico",2023-10-21
11,Jeffery,Arnold,Other,daniel48@example.com,Clinestad,Kansas,2023-09-21
12,William,Potts,Other,antoniothompson@example.org,Trevorborough,Missouri,2025-06-04
13,Anthony,Nelson,Male,amoses@example.org,"West Michaelport",Mississippi,2022-11-28
14,James,Williams,Other,jacobroach@example.net,"South Yvonne",Illinois,2020-09-04
15,Debra,Johnson,Female,kcooley@example.net,"East Christopher",Colorado,2021-04-03
16,Amy,Romero,Male,davistiffany@example.com,"North Helen",Oregon,2023-11-30
17,Jeffrey,Santos,Female,erikaadams@example.org,"Lake Brandonville",Kansas,2021-05-02
18,Bridget,Reynolds,Female,hendersonanthony@example.org,"Lake Tamaraton",Illinois,2024-04-09
19,Lisa,Turner,Female,wmarshall@example.org,"New Tracy",Montana,2023-02-18
20,Adam,Horn,Female,lindamiller@example.org,"Lake Tammy",Missouri,2021-10-29
21,Linda,Mata,Male,ceaton@example.com,"North Staceyfort",Michigan,2020-08-17
22,Helen,Smith,Male,pughkelly@example.org,"Port Ashleyfurt",Georgia,2024-11-15
23,Matthew,Brown,Female,jackconley@example.org,Starkchester,Texas,2024-07-17
24,Eric,Ayala,Female,sabrina69@example.org,Pughhaven,Alabama,2025-03-28
25,Susan,Shepherd,Male,royscott@example.net,Sarahborough,Kansas,2025-05-18
26,Matthew,Ferguson,Male,kimberly63@example.net,"South Lukeside",Massachusetts,2022-04-09
27,Christopher,Dalton,Male,fernandezsusan@example.org,"East Rachel",Louisiana,2025-03-14
28,Colin,Fleming,Other,uavila@example.com,"Lake Hectorberg",Montana,2021-10-20
29,Melanie,Rojas,Other,mooremichael@example.net,Catherineton,Colorado,2021-11-22
30,Cassandra,Tran,Other,daniel93@example.net,"Port Robertaton",Georgia,2022-08-31
31,Lindsay,Williams,Female,davidhaynes@example.com,Kevinbury,"North Carolina",2022-12-22
32,Jessica,Cannon,Other,ambermiller@example.net,Nicholashaven,Alabama,2025-02-07
33,Amanda,Dominguez,Female,shortjeffrey@example.net,Timothybury,Minnesota,2024-08-07
34,Teresa,Jordan,Female,evanskelsey@example.com,Johnmouth,"South Dakota",2021-09-16
35,Nicholas,Simmons,Other,martinezrussell@example.com,"Port Tony",Maryland,2022-01-28
36,Andrea,Taylor,Female,vfoster@example.org,Jennifertown,Kansas,2022-06-05
37,Maria,Kim,Other,jroy@example.net,"Port Robinbury",Oregon,2020-08-30
38,Christine,Prince,Other,michael39@example.com,Adrianashire,Virginia,2022-11-13
39,Michelle,Haas,Male,cindy95@example.org,Hernandeztown,Connecticut,2023-01-29
40,Barbara,Richardson,Other,gsharp@example.net,"East Ianbury",Indiana,2022-06-08
41,Janet,Lee,Male,aturner@example.com,"East Alexberg",Florida,2025-01-27
42,Brandon,Kim,Other,wchaney@example.com,Douglasfurt,Hawaii,2021-06-05
43,Jeremy,Brown,Other,jacksonamy@example.net,"Port Danielbury",Mississippi,2022-10-17
44,Keith,Hall,Male,cunninghammegan@example.org,Marcusstad,"South Dakota",2023-02-20
45,Christopher,Chapman,Male,martinkelsey@example.com,Michaelstad,Michigan,2024-10-24
46,Jesse,Perez,Other,nicole39@example.org,"Lake Amymouth",Nevada,2024-01-21
47,Craig,Burgess,Female,jonathon90@example.net,Wallsland,Wisconsin,2023-03-12
48,Joshua,Beasley,Male,glennmoore@example.org,Erikchester,Vermont,2024-12-26
49,Cynthia,Mcguire,Female,jamiesmith@example.org,"West Kevin",Alaska,2022-09-23
50,Michael,Bradley,Female,michaelwilliams@example.com,Simpsontown,Arkansas,2023-06-27
51,Mitchell,Ritter,Female,maurice01@example.net,Crystalland,Connecticut,2025-04-07
52,Jason,Smith,Male,veronicacampbell@example.net,"North Walterton",Arkansas,2022-10-02
53,Joseph,Cortez,Female,perezrichard@example.net,"Lake Michelle",Delaware,2020-12-30
54,Sharon,Hess,Male,heather39@example.org,Christineborough,Maine,2021-06-08
55,Deborah,Jones,Female,jamesmartin@example.org,Dianafort,Utah,2020-07-12
56,Chelsea,Martinez,Other,lellison@example.com,Meganhaven,Michigan,2023-09-26
57,George,White,Other,adrianmedina@example.com,Sherryview,Maryland,2021-08-18
58,Jessica,Williams,Male,daviddecker@example.com,"West Edward","New Mexico",2024-05-02
59,Frank,Bailey,Other,christopher90@example.com,Julieland,Oklahoma,2021-05-25
60,Noah,Rios,Other,karen65@example.net,Freemanshire,Kansas,2025-06-10
61,Veronica,Sanchez,Female,stephaniewilson@example.org,"North Michaelbury",Nevada,2022-07-13
62,Danielle,Carter,Male,emorales@example.com,Thompsonstad,Louisiana,2024-08-23
63,Angela,Obrien,Female,xparker@example.com,Cooperbury,Iowa,2025-01-22
64,Gabrielle,Mendoza,Female,cameronsmith@example.org,"South James","New Jersey",2021-05-04
65,Megan,Martinez,Female,danielle93@example.com,Jamesport,Kentucky,2022-11-15
66,Kimberly,Jones,Female,christy19@example.org,"New Brucetown","North Carolina",2022-06-25
67,Jeremy,Wright,Female,randalljones@example.org,"East Johntown",Wisconsin,2022-12-16
68,Antonio,Stephens,Female,olsonjesse@example.com,"Port Davidmouth",Georgia,2021-08-02
69,Leslie,Simpson,Female,sherrywyatt@example.com,Connerfurt,Utah,2021-07-17
70,Joseph,Moss,Male,qflores@example.net,Ewingberg,Montana,2021-04-22
71,Jason,Kelly,Other,gking@example.org,Elizabethstad,Florida,2023-05-03
72,Sherri,Herman,Female,zamoraronald@example.com,Stephensport,Indiana,2023-08-25
73,Nancy,Robinson,Female,anthonyduncan@example.org,Danielberg,Georgia,2020-07-03
74,Leonard,Marquez,Female,leslie24@example.org,Walterburgh,Oregon,2022-02-27
75,Diana,Pugh,Female,gabrielrodriguez@example.com,"South Teresaburgh",Texas,2024-02-20
76,Randall,Deleon,Female,michellegomez@example.com,Kingberg,Oklahoma,2023-02-12
77,Robin,Carter,Female,nelsonjennifer@example.org,"Lake Christyton",Nebraska,2023-04-02
78,Stephen,Valdez,Other,perkinsdaniel@example.org,Tonifort,Vermont,2023-04-14
79,Joseph,Rose,Other,holmesscott@example.net,"East Ryanville",Connecticut,2020-10-30
80,John,Adams,Female,qlittle@example.com,Joneschester,Oklahoma,2022-03-30
81,Anna,Wolfe,Other,nicholasfigueroa@example.org,Katherinehaven,"West Virginia",2024-10-31
82,Jose,Gordon,Male,tarashaw@example.org,"Lake Ericbury","North Carolina",2022-09-13
83,Brenda,Brown,Female,courtney58@example.org,"South Nichole","South Carolina",2024-10-28
84,Rachael,Mccullough,Male,jillcosta@example.com,Christopherstad,California,2022-09-07
85,Reginald,Thornton,Male,bvasquez@example.com,Aaronmouth,"North Carolina",2023-12-17
86,Jeffrey,Howell,Female,mgallegos@example.org,"Port Kathy",Washington,2022-07-15
87,Whitney,Ramirez,Other,katherinechapman@example.net,"North Carrie",Montana,2024-03-09
88,William,Harris,Male,wgomez@example.net,Williamshaven,Illinois,2020-08-29
89,Christopher,Taylor,Female,martintanner@example.net,"Lake Joshua",Minnesota,2022-07-21
90,Brandon,Daugherty,Male,susan40@example.net,"New Amy",Wyoming,2021-05-04
91,Daniel,Hall,Male,dana58@example.net,"South Brian","Rhode Island",2020-11-07
92,Courtney,Harmon,Male,mariaweaver@example.com,Simsbury,Wyoming,2023-07-12
93,Laura,Clark,Male,epage@example.org,Kevinport,California,2023-02-28
94,Robert,Watson,Other,bkramer@example.net,Kochport,Georgia,2024-02-03
95,Bryan,Velasquez,Male,raymond29@example.org,Greenview,Kentucky,2025-05-30
96,Patrick,Thomas,Male,kevin35@example.net,Yorkshire,"New Hampshire",2023-06-16
97,Wendy,Spence,Male,christopher96@example.org,"East Coreytown",Alabama,2021-03-09
98,Allison,Hale,Other,geraldkane@example.org,"Port Nathanburgh",Louisiana,2024-10-06
99,Tasha,Santos,Male,fergusonmichael@example.net,"Port Colleenland",Washington,2022-04-03
100,Michelle,Chavez,Male,tjackson@example.com,Nicoleshire,Illinois,2025-01-30
101,Alexander,Wilson,Other,andrealopez@example.com,Sharonside,Connecticut,2022-01-04
102,Jennifer,Porter,Other,debbiedavis@example.org,"East Jamesside","South Dakota",2022-06-25
103,Erin,Johnson,Other,johnhill@example.com,Cruzhaven,Georgia,2022-11-24
104,Amanda,Ramirez,Male,brookefrench@example.net,"East Eddie",Kentucky,2024-11-22
105,Joseph,Cruz,Other,sfoster@example.com,Craigbury,Arizona,2024-02-25
106,Danielle,Wilcox,Other,taylorraymond@example.com,Jenniferburgh,Florida,2023-01-30
107,Daniel,Miller,Male,maria09@example.com,Jennifershire,"South Dakota",2021-08-13
108,Ryan,Ramirez,Other,elee@example.com,Michaeltown,California,2023-12-01
109,Shawn,Lynch,Male,deborah03@example.net,"North Terry",Maine,2022-06-10
110,Stephanie,Simpson,Female,williamskathleen@example.net,"North Loriland",Arkansas,2024-12-06
111,Nancy,Roy,Other,johnhines@example.net,"Port Eric","South Carolina",2021-02-04
112,Jose,Cruz,Female,dennisevans@example.com,Brownfort,Pennsylvania,2021-04-17
113,Vincent,Williams,Male,millerbrittany@example.com,"North William",Connecticut,2024-10-27
114,Guy,Harris,Other,nealrobert@example.org,Christianburgh,Virginia,2020-09-27
115,Rita,Lopez,Male,stevenhopkins@example.com,"South Michael",Maine,2024-03-03
116,Monica,Jordan,Female,hcampbell@example.net,Jeanetteview,Pennsylvania,2022-06-28
117,Kenneth,Williams,Male,dguerra@example.com,Michelleville,Virginia,2022-08-20
118,Danielle,Torres,Other,zberg@example.com,Malonebury,Georgia,2023-04-30
119,Chelsea,Weaver,Other,jeannereeves@example.com,"North Carlos",Colorado,2021-07-18
120,Eric,Bailey,Female,smithmark@example.com,Heidiview,Kentucky,2021-12-15
121,Kathryn,Johnson,Male,jameshenderson@example.com,Myersmouth,Colorado,2021-05-16
122,Amber,Franklin,Other,ohopkins@example.net,"Port Nathanshire","New Hampshire",2022-03-03
123,Kimberly,Barry,Female,harrismichelle@example.org,"South Peterstad",Connecticut,2024-01-22
124,Alyssa,Livingston,Other,pwilson@example.net,Cynthialand,Alaska,2023-10-06
125,Aaron,Solomon,Other,justin16@example.com,Thomasside,Virginia,2022-06-07
126,Mario,Patrick,Male,sheilabaldwin@example.com,Kingland,Colorado,2020-08-13
127,Andrew,Garza,Other,joshua41@example.net,"South Brian","Rhode Island",2020-12-04
128,Sarah,Todd,Male,stevemarshall@example.net,"South Mirandaport",Colorado,2022-04-27
129,Natasha,Peterson,Other,emills@example.com,Pruittburgh,Massachusetts,2022-03-30
130,Marie,Calderon,Female,hendersonheather@example.com,"Port Emma",Maine,2022-06-18
131,Kyle,Hamilton,Other,hector04@example.com,Markville,Arkansas,2020-07-03
132,Brian,Patterson,Male,kennedymichele@example.org,Mccarthymouth,Hawaii,2021-05-13
133,Natalie,Daniel,Male,fsmith@example.com,"South Julianport",Georgia,2025-01-15
134,Stacey,Moss,Female,geraldterry@example.org,"New Dorothymouth",Wyoming,2023-10-09
135,Christopher,Brown,Other,justinrobinson@example.com,Melissatown,Louisiana,2024-11-04
136,Todd,Rodriguez,Other,kelsey17@example.org,Jessicahaven,Ohio,2022-05-30
137,Chad,Hughes,Female,josephpatterson@example.com,"Lake Elizabethview",Washington,2023-01-15
138,Kathleen,Griffith,Other,walterprice@example.com,"North Kimberly",Arkansas,2021-08-12
139,Katie,Gregory,Other,ahudson@example.org,Hodgesfurt,Nebraska,2025-05-21
140,David,Garrison,Male,morgan85@example.net,"Lake Christinaton",Kentucky,2023-01-17
141,Thomas,Hurley,Other,nicholasjuarez@example.com,Garzashire,Idaho,2021-08-04
142,Andrea,Ford,Other,campbelltaylor@example.org,Murphyshire,Alabama,2022-08-26
143,Joseph,Armstrong,Female,rgross@example.org,"East Craigside",Maryland,2023-09-29
144,Monique,Carroll,Female,krauseaaron@example.com,Johnsonhaven,Vermont,2024-11-20
145,Rodney,Stone,Male,vincentrogers@example.com,Stoneland,Oklahoma,2024-02-29
146,Jason,Martin,Other,rharmon@example.org,Sethview,Oklahoma,2024-09-11
147,Amber,James,Other,myersjoshua@example.com,"South Melanieland",Washington,2022-05-05
148,Jessica,Reese,Other,conleyantonio@example.org,Ibarrachester,Nevada,2024-07-04
149,James,Middleton,Male,qferguson@example.net,Williamsshire,Illinois,2024-01-24
150,Larry,Anderson,Male,fwilliams@example.net,Jordanside,Indiana,2022-06-03
151,Wanda,Smith,Female,smclaughlin@example.org,Davidchester,Texas,2022-06-07
152,Debra,Marsh,Male,hwagner@example.com,"North James",Hawaii,2024-10-31
153,Samuel,Tapia,Other,jason06@example.net,Dustinhaven,Alaska,2023-02-28
154,Zachary,Miller,Other,wmiller@example.com,Taylorport,Utah,2024-05-08
155,David,Wright,Male,natalie46@example.com,"North Mollymouth",Arkansas,2022-10-05
156,Jeffrey,Daniels,Other,erinhughes@example.org,Sarahland,Virginia,2020-10-18
157,Matthew,Morgan,Other,ztran@example.org,Shelbyfurt,Idaho,2022-09-14
158,Brianna,Foster,Male,donna18@example.com,Christopherside,Nevada,2025-04-22
159,Jerry,Gilbert,Male,maysedward@example.com,"North Oscarfort","North Carolina",2022-04-06
160,Jeffrey,Ward,Other,barbararodriguez@example.net,Gonzalezhaven,Indiana,2021-04-23
161,Chad,Hopkins,Other,matthew78@example.com,"New Kimville",Pennsylvania,2020-10-26
162,Crystal,Patton,Other,robertsjoel@example.com,Christinafurt,"New Jersey",2021-10-24
163,Jeremy,Patrick,Female,cjohnson@example.org,Chavezmouth,Arkansas,2023-10-22
164,Rebecca,Franklin,Female,seanmelendez@example.net,"Lake Stephanieshire",Alaska,2021-01-18
165,Michele,Martinez,Female,jasonsanders@example.net,Kellyberg,"New Jersey",2024-01-30
166,Chad,Carroll,Male,bwade@example.com,"North Vanessa",Illinois,2025-01-06
167,John,Morris,Female,hhaynes@example.net,"Port Jessica",Louisiana,2024-05-25
168,Elizabeth,Baker,Male,isaacwhite@example.com,"Lake Paul",Oregon,2023-08-13
169,Jason,White,Male,ppruitt@example.com,"New Destiny",Michigan,2024-11-03
170,David,Ford,Female,mendezkellie@example.com,Matthewsstad,Illinois,2023-05-04
171,Selena,Gonzales,Female,gmurphy@example.com,Davisbury,Ohio,2020-08-01
172,Ashley,Owens,Female,hugheskaren@example.net,Steventon,Texas,2020-09-05
173,Thomas,Church,Other,rharris@example.org,"South Amyport",Delaware,2024-12-18
174,Kristen,Castillo,Female,barcher@example.net,Cameronberg,Alabama,2024-02-15
175,Lindsey,Richard,Other,lauren50@example.net,"Lake Joseph",Delaware,2021-10-09
176,James,Robinson,Male,ashley21@example.net,"East Jeffreymouth",Kansas,2024-10-29
177,Collin,Brown,Other,pbrown@example.net,"North James",Nevada,2021-01-14
178,Ryan,Mcmillan,Female,whubbard@example.org,"West Jessicafurt",Colorado,2025-02-11
179,Rodney,Hill,Male,cvega@example.org,"West Aaronfurt",Colorado,2022-08-02
180,Stuart,Bishop,Male,lmyers@example.org,"Lake Robin",Wyoming,2023-04-18
181,Jessica,Edwards,Male,moralesfrancisco@example.net,"New Susan",Wisconsin,2022-03-10
182,Emily,Brown,Other,wellssherry@example.net,"West Kimberly",Utah,2023-03-30
183,Tracey,White,Female,katiehicks@example.net,Jameschester,Minnesota,2021-07-24
184,Corey,Miranda,Male,chambersashley@example.net,"North Meredith",Arizona,2022-10-28
185,Richard,Hill,Male,tracyhoffman@example.com,Jamesmouth,"West Virginia",2023-08-24
186,Matthew,Booth,Male,tammy33@example.com,"South Laurie",Montana,2020-09-18
187,Michelle,Martinez,Other,ellisrobin@example.org,"South Randystad",Maryland,2022-06-04
188,John,Mccoy,Other,tshort@example.net,Nicoletown,"New Hampshire",2023-01-13
189,James,Thomas,Female,george94@example.org,Sharonfort,Minnesota,2023-12-03
190,Shane,Williamson,Other,clarkheather@example.net,"North John",Missouri,2023-11-14
191,Robert,Williams,Male,teresamiller@example.org,Elizabethfort,"West Virginia",2024-08-15
192,Joshua,Wilson,Female,kevin90@example.org,Nicholaston,Utah,2021-05-17
193,John,Johnson,Male,michael99@example.com,"North Jennifer",Montana,2024-11-25
194,Sandra,Cohen,Male,yjohnson@example.net,"New Jorge",Connecticut,2024-08-02
195,Scott,Valencia,Other,bryanmorgan@example.net,"Port Scottton",Illinois,2024-10-31
196,Michelle,Riley,Female,xlee@example.com,Sherrychester,"South Carolina",2021-08-06
197,Andrea,Williams,Other,susannelson@example.net,Hernandezport,Nebraska,2025-02-05
198,Brent,Love,Other,donna30@example.net,"South Jennifer",California,2022-11-26
199,Yvette,Brown,Female,kirstenbenson@example.net,"New Sharonchester",Colorado,2021-03-07
200,Mary,Klein,Male,owensamber@example.com,"South Heather",Arkansas,2022-07-01
201,Tanya,Green,Male,ashaw@example.com,"North Josephmouth","New Mexico",2023-02-28
202,Sara,Scott,Female,rfinley@example.net,"North Garrett",Montana,2022-11-09
203,Melinda,Gregory,Male,ericacooper@example.net,"East Beth",Wisconsin,2022-06-10
204,Gabriel,Mathews,Female,garciadebra@example.com,Smithside,Wyoming,2022-07-08
205,Todd,Gomez,Female,rachelvaldez@example.org,Alvarezland,"South Dakota",2025-02-11
206,Jason,Higgins,Other,aaron70@example.org,Elizabethport,Wyoming,2021-04-01
207,Richard,Burke,Female,mbrown@example.org,"West Justin",Kentucky,2020-08-17
208,Brian,Bailey,Other,cmccoy@example.com,"North Sandraberg","New Jersey",2020-10-02
209,Nicholas,Jones,Male,harriswilliam@example.net,"Port Douglas",Iowa,2021-10-27
210,Tricia,Wallace,Male,holmesrachel@example.org,"East Wendyfort",Maine,2023-11-05
211,Joseph,Dixon,Male,jmoore@example.net,Lisaton,Arizona,2024-05-08
212,Kristen,Young,Male,carolineperry@example.org,"Lake Matthew","South Dakota",2024-08-04
213,Spencer,Nguyen,Other,marissa85@example.org,Dylantown,Kansas,2024-12-04
214,Rodney,Watson,Male,elliszachary@example.net,"North Heather",Nevada,2022-01-09
215,Susan,Carson,Female,stephanie27@example.net,"New Bruceview",Connecticut,2023-01-25
216,Wendy,Perry,Female,christopher68@example.org,"North Robin",Utah,2021-09-18
217,Angela,May,Female,rgiles@example.org,"West Mackenzieside","North Dakota",2024-06-24
218,Jennifer,Liu,Other,kgarrison@example.com,"North Sarah",Kentucky,2021-08-19
219,Eric,Thomas,Male,amyers@example.net,Michaelside,Arizona,2021-02-03
220,Kenneth,Nguyen,Male,morenomary@example.org,"South Dana",Montana,2024-10-22
221,Tanya,French,Male,bryantcynthia@example.org,Stoneside,Connecticut,2024-11-20
222,Beth,Rogers,Other,qlee@example.com,"New Susanview",Louisiana,2024-11-29
223,Amy,Russell,Female,jeffery96@example.net,Robertmouth,Washington,2023-03-06
224,Julie,Pearson,Female,dawncook@example.net,Amyberg,Wyoming,2023-01-06
225,Brian,Ruiz,Male,fyoder@example.org,"East George",Virginia,2024-03-20
226,Breanna,Beltran,Female,fitzgeraldkenneth@example.net,Wallerview,Vermont,2023-09-01
227,Wesley,Howell,Female,kennethsandoval@example.com,"Port Matthew",Ohio,2022-09-07
228,Melissa,Martin,Other,rickysmith@example.org,Rickmouth,Tennessee,2022-01-23
229,Eric,Williams,Other,summerellis@example.org,"Lake Wendyfort","West Virginia",2022-11-11
230,Susan,Conrad,Other,whiteregina@example.net,Dillonstad,Massachusetts,2022-12-26
231,Christopher,Buck,Other,tsullivan@example.org,Robinchester,Louisiana,2022-09-25
232,Jacob,Johnson,Male,chelseabanks@example.com,Leonberg,Nevada,2023-08-09
233,Brooke,Lynch,Other,andersonkaren@example.org,Michaelland,Wyoming,2024-11-29
234,Emma,Morton,Female,wflores@example.net,"South Elizabethville",Arizona,2021-10-17
235,Joe,Dixon,Male,bobby53@example.net,"Port Dana",Arkansas,2023-01-22
236,David,Norman,Female,wscott@example.org,"Port Angelaville","North Carolina",2024-07-21
237,Pamela,Romero,Female,xclarke@example.com,Brownfurt,Connecticut,2024-07-01
238,John,Perkins,Female,arellanomorgan@example.net,"Lake Craig",California,2022-06-27
239,Brooke,Cooper,Other,mary88@example.org,Bishopburgh,"North Carolina",2024-09-23
240,Christine,Lewis,Other,belljennifer@example.com,Grossland,Maine,2020-12-10
241,Robert,Rivas,Male,xwright@example.com,Hoffmanfort,Montana,2024-05-20
242,Brandy,Johnson,Male,mjenkins@example.org,"Lake Andrew",Massachusetts,2022-01-14
243,Alexandra,Barber,Other,ronniejames@example.com,"South Jamesport",Alabama,2025-01-23
244,Sarah,James,Female,ecampbell@example.org,"Port Austinshire",Indiana,2022-01-05
245,James,Cuevas,Male,bonnie97@example.net,"West Jonathan",Florida,2022-02-03
246,Jennifer,Miller,Other,denniswilliams@example.com,"New Michael",Alaska,2024-05-30
247,John,Jones,Other,cassidyhughes@example.org,Adamstad,Wisconsin,2022-03-14
248,Randy,Walls,Other,ielliott@example.org,Garrisonfurt,"New Hampshire",2023-06-20
249,Emily,Walker,Female,ebutler@example.com,Earlshire,"New York",2021-03-29
250,Kevin,Gordon,Other,wthompson@example.com,Mcgeefort,"West Virginia",2023-12-05
251,Leslie,Andrews,Other,briannamclaughlin@example.net,"Port Joshua",Idaho,2024-12-27
252,Karen,Kelley,Other,jasonwalton@example.net,Solomonberg,Montana,2025-03-14
253,Charles,Barnes,Other,zgrimes@example.net,Leonardland,"West Virginia",2024-06-26
254,Stephen,Quinn,Male,cmckinney@example.net,Johnsonton,Colorado,2025-05-10
255,Yolanda,Abbott,Male,nathannorman@example.org,Josephberg,Michigan,2021-08-27
256,Wendy,Rose,Other,david48@example.org,"East Scottport",Nevada,2024-09-23
257,Charles,Williams,Female,millsmichelle@example.com,Thomasshire,Ohio,2023-04-06
258,Jason,Kennedy,Male,codygonzalez@example.net,"Lake Samuelfort",Louisiana,2022-12-14
259,Joseph,Warren,Other,theresagreene@example.org,"West Holly","South Carolina",2022-01-31
260,Sarah,Alexander,Male,richardjohnson@example.org,"West Duaneland",Iowa,2024-12-02
261,Nicole,Adams,Male,kenneth76@example.org,"West Angelside",Utah,2022-05-04
262,Natasha,Huff,Female,fryekevin@example.net,"Port Jerrychester",Kansas,2021-03-08
263,Mike,Carter,Other,melissaharrell@example.net,Nicholsonberg,Delaware,2020-08-11
264,Eric,Sanchez,Other,robinsondavid@example.org,"South Brianhaven",Tennessee,2021-08-11
265,Martha,Sanchez,Female,omorris@example.net,"Port Anne",Maine,2020-12-15
266,Jade,Saunders,Female,landerson@example.net,"South Danny","New Hampshire",2023-01-11
267,Cheryl,Cox,Other,qnewman@example.com,"Lake Joseph",Montana,2022-03-08
268,Vanessa,Bryant,Other,ernest24@example.org,Tracychester,"North Dakota",2021-07-09
269,Destiny,Goodman,Female,christine20@example.net,Elizabethshire,Virginia,2021-06-04
270,Alan,Wilson,Male,jesusdecker@example.org,"East Mariah",Louisiana,2022-06-24
271,Lisa,Allen,Male,bholder@example.net,Heatherville,Wisconsin,2022-02-16
272,Kevin,Oconnor,Female,deanjose@example.net,Ramseyport,Montana,2022-04-26
273,Elizabeth,Beard,Male,kmartinez@example.net,"Port Anthonyhaven",Iowa,2023-08-22
274,Sheila,Cox,Female,banksmeredith@example.com,Lynnview,Ohio,2022-09-04
275,Dennis,Bell,Male,natashamiller@example.net,"West Jeffreyview",Ohio,2023-01-12
276,Darrell,Wagner,Male,john07@example.net,Roychester,Iowa,2025-01-20
277,Daniel,Melendez,Other,hortiz@example.com,Robinsonfort,Maine,2025-05-17
278,Angela,Valdez,Other,tiffany24@example.org,"Port Vincentland",Ohio,2020-12-23
279,Joseph,Jacobs,Male,john47@example.com,"Lake Samantha",Nebraska,2022-02-08
280,Cassandra,Cole,Male,pagelouis@example.org,Clarkstad,Tennessee,2022-04-03
281,Jennifer,Barnes,Other,timothymontgomery@example.com,Kellyshire,Indiana,2024-10-05
282,James,Hudson,Other,smithtyler@example.com,Harveymouth,Utah,2024-03-08
283,Cynthia,Serrano,Other,dawnjones@example.com,Patriciamouth,Alaska,2022-08-06
284,Joseph,Martinez,Female,perezchristopher@example.net,Robertfurt,California,2022-10-01
285,Tracy,Medina,Male,tammythomas@example.com,Crawfordfurt,"North Dakota",2024-05-15
286,Rebecca,Frank,Other,garzazachary@example.org,Brockshire,Oklahoma,2022-05-01
287,Meghan,Russell,Male,stevelee@example.net,"East Kevinhaven",Maine,2022-11-27
288,Christopher,Richards,Female,lisachristian@example.com,"South Sabrinaview",Maryland,2021-03-18
289,Rodney,Taylor,Female,melanie48@example.net,"East Gabrielberg",Michigan,2020-09-06
290,Joshua,Green,Other,chantrevor@example.org,"North Rodney",Vermont,2022-11-09
291,Adam,Mitchell,Female,ibrady@example.com,Juliaborough,Utah,2024-08-28
292,Kellie,Edwards,Male,kimedwards@example.org,"Port Erin",Alabama,2025-06-11
293,Dana,Miller,Other,holtthomas@example.com,Hayleyberg,Vermont,2023-05-18
294,Jose,Fisher,Male,waterscharlene@example.com,"West Raymondtown",Hawaii,2023-09-21
295,Joyce,Lucero,Male,maddenhailey@example.com,"West Ashleyborough",Mississippi,2025-01-19
296,Andrea,Johnston,Female,webbjohn@example.net,Sherylton,Georgia,2025-04-10
297,Ronald,Chen,Female,michellewatkins@example.org,"West Meganville",Oklahoma,2024-07-24
298,Alec,Barton,Female,michael34@example.org,"South Michael",Louisiana,2021-03-29
299,Charles,Yoder,Female,grantmichael@example.org,Richardton,Iowa,2024-04-06
300,Nicole,Walter,Female,michael11@example.com,Caitlinland,Delaware,2024-09-17
301,Rebecca,Smith,Other,tgreen@example.net,"South Robert",Georgia,2025-01-04
302,Amy,Martinez,Male,pcaldwell@example.net,"New Stephen",Wyoming,2021-11-21
303,Mary,Baker,Male,weeksbrandon@example.com,"North Manuelside",Oregon,2022-07-15
304,Brandi,Spencer,Male,ssmith@example.org,"Port Jonathan",Mississippi,2022-10-04
305,Earl,Conrad,Male,patriciaowen@example.net,"New Brandonstad",Louisiana,2022-05-08
306,David,Newton,Female,luis41@example.net,"New Martinborough",Iowa,2022-05-22
307,Kyle,Martinez,Male,traci39@example.net,Josephstad,Delaware,2023-06-20
308,Rachel,Johnson,Other,gregorybrock@example.org,"East Reneeview",Iowa,2020-12-21
309,Laura,Reynolds,Other,briannalong@example.org,"East Jessicaport",Washington,2021-05-08
310,Michelle,Vaughn,Male,allennathan@example.net,"Lake Edward",Arizona,2024-06-26
311,Rachel,Fritz,Male,rcohen@example.net,"Lake Ericamouth",Kansas,2023-03-13
312,Jason,Anderson,Other,kelleramanda@example.org,Aaronborough,Mississippi,2022-02-19
313,John,Camacho,Other,petermoore@example.net,"East Lauraville",Idaho,2023-01-22
314,Curtis,Sellers,Female,christopher64@example.net,Matthewshire,Wyoming,2023-11-04
315,Kimberly,Strong,Other,nfletcher@example.org,Autumnstad,Pennsylvania,2025-04-08
316,Nicole,Gomez,Female,matthewbutler@example.org,"West Chad",Maryland,2021-09-19
317,Richard,Morales,Female,cantucassidy@example.com,Rodriguezfurt,"New Hampshire",2022-01-16
318,Christine,Hawkins,Female,joseph08@example.net,Marcusborough,Idaho,2022-01-12
319,Eric,Joseph,Female,gillmary@example.com,Patrickville,"South Dakota",2022-03-19
320,Sarah,Wilson,Female,wagnertammie@example.net,"North Debbietown",Illinois,2024-04-18
321,Michelle,Merritt,Male,criddle@example.net,"East Amy",Oregon,2024-05-30
322,Theresa,Villanueva,Other,blakeshelton@example.org,"East Heather",Alaska,2023-12-17
323,Lisa,Vargas,Female,fernandezjennifer@example.net,"New James",Alabama,2021-07-05
324,Nicole,Jensen,Other,michelle11@example.org,"West Josephville",Wisconsin,2025-04-10
325,Angel,Mcknight,Other,lisagray@example.org,Rileyland,Missouri,2023-03-28
326,Jill,Williams,Female,amanda85@example.net,Morganport,"New Hampshire",2022-06-14
327,Martin,Rodgers,Male,cooperlauren@example.org,"Port Bryanport",Idaho,2021-06-07
328,Sarah,Kelly,Female,dominiquerodriguez@example.net,Tranburgh,"North Carolina",2022-03-03
329,Leah,Cole,Male,djohnson@example.net,Wilsonfort,Utah,2020-10-23
330,Michelle,Ortiz,Other,dwayneedwards@example.net,"South Alexis",Hawaii,2020-10-04
331,Lisa,Cole,Male,egregory@example.com,"West Jasonview",Massachusetts,2021-06-27
332,Joseph,Davenport,Male,michael44@example.com,Bobborough,Hawaii,2023-10-02
333,Kristin,Roberts,Male,boyererika@example.net,Markshire,Maine,2024-07-06
334,Daniel,Woods,Other,samanthawoodard@example.org,Mcintoshbury,Kentucky,2024-09-22
335,Monica,Taylor,Other,schristensen@example.com,"East Elizabethberg",Idaho,2021-06-13
336,Michele,White,Male,carsonashley@example.net,"East Lindaland",Indiana,2024-06-22
337,Jeffrey,Cannon,Male,barbarafisher@example.com,"West James",Kansas,2023-12-28
338,Lisa,Hendricks,Female,icuevas@example.com,Grayfurt,Texas,2022-04-13
339,Steven,Zuniga,Male,johnwarner@example.net,"Port Cassandra",Wisconsin,2021-08-28
340,Kevin,Miller,Female,xlivingston@example.org,"Lake Linda",Colorado,2023-03-28
341,Laura,Huang,Male,taylorpatrick@example.net,"North Matthew",Tennessee,2025-03-20
342,Jeremy,Watkins,Female,allen57@example.net,Stephanieview,Colorado,2023-03-04
343,Andrew,Wood,Other,ysmith@example.net,"Port Patrickland",Indiana,2022-03-23
344,James,Banks,Male,dwilliams@example.com,Robertville,Idaho,2023-11-13
345,Mark,Gray,Male,bobfoster@example.com,"North Matthew","New Hampshire",2024-07-17
346,Michelle,Gonzales,Male,watsondavid@example.net,Caitlinport,"New Mexico",2023-06-29
347,Tammy,Romero,Male,hollandroy@example.org,Sarahstad,Indiana,2025-02-28
348,Joshua,Chapman,Female,smithjavier@example.org,"New James",Louisiana,2024-07-02
349,Darlene,Duffy,Male,mcneilbrian@example.net,"North Timothyhaven",Florida,2025-01-27
350,Ricardo,Davis,Other,daniellethomas@example.org,"East Melissaborough",Delaware,2023-09-24
351,Tina,Evans,Other,franklinmatthew@example.net,Joebury,"New Hampshire",2023-09-30
352,Amanda,Peterson,Male,katrinastevens@example.com,Kerrview,Nevada,2024-03-02
353,Sheila,Elliott,Other,xhorton@example.org,"Port Scottville",Washington,2021-04-26
354,Darrell,Merritt,Male,andrewsmadison@example.com,"Lake Aaronstad",Pennsylvania,2021-02-22
355,Tara,Riley,Male,williamsjennifer@example.com,Richardsonberg,"New Jersey",2025-04-28
356,Gregory,Anthony,Other,andersontammy@example.com,Susanview,Oregon,2025-01-14
357,Sydney,Simmons,Male,qmichael@example.com,"New Ronald","New Mexico",2022-09-27
358,Joseph,Morris,Other,lisa92@example.org,Davisborough,Arkansas,2021-05-13
359,Daniel,Flores,Female,justin89@example.com,Katrinafort,Wisconsin,2025-04-14
360,Ryan,White,Male,sara38@example.org,"West Adamborough","Rhode Island",2022-06-24
361,Jessica,Thomas,Female,grantcrystal@example.org,"Lake Joanton","South Carolina",2020-10-26
362,Lee,Cervantes,Other,wbailey@example.net,Glennshire,Texas,2025-02-10
363,Catherine,Navarro,Female,justincombs@example.com,Stephaniehaven,Oklahoma,2024-06-28
364,William,Hays,Female,raymond62@example.org,Paulbury,Tennessee,2021-10-30
365,Paul,Clark,Other,edward79@example.com,Simmonsmouth,Louisiana,2022-01-11
366,Barbara,Stone,Female,edwardsrick@example.org,"North Roberta",Mississippi,2020-06-26
367,Jonathan,Andrews,Female,taraortiz@example.com,"Port Carolyn",Hawaii,2021-04-27
368,Jeanne,Gilbert,Other,kylehenderson@example.com,Goodmanhaven,Florida,2022-01-11
369,Aaron,Garcia,Female,phillipsmichelle@example.org,Wrightside,Alaska,2024-04-04
370,Sara,Mitchell,Other,zwinters@example.org,Cookfort,Michigan,2024-09-30
371,Amanda,Wilson,Female,jamesmarsh@example.org,"North Elizabethburgh",Oregon,2025-06-01
372,Jennifer,Hill,Other,william01@example.com,"West Jamesstad",Virginia,2023-07-07
373,Judy,Gonzales,Other,erinjones@example.org,"New Jeremy","New Mexico",2024-10-07
374,Emily,Mcclure,Female,hendersonlisa@example.com,Evanmouth,Wyoming,2025-05-04
375,Michael,Roberts,Female,hbrown@example.com,"New Margaret","Rhode Island",2023-02-09
376,Chad,Hardin,Female,brooksharold@example.com,"Port Amanda","North Dakota",2025-01-05
377,Elizabeth,Zhang,Male,clarkbrittany@example.com,"Port Michaelchester",Utah,2024-12-01
378,Mark,Molina,Male,dbradley@example.net,Juliafurt,Ohio,2024-07-30
379,Lee,Middleton,Male,uschmitt@example.net,"West Brianside",Louisiana,2021-09-22
380,Melanie,Estrada,Other,jason57@example.net,Campbellmouth,Texas,2020-08-08
381,Jennifer,Thomas,Female,floressteve@example.net,Rochafurt,"West Virginia",2024-11-13
382,Kevin,Clark,Other,blakesarah@example.net,Amyborough,Mississippi,2024-12-08
383,Kyle,Roberson,Male,vgraham@example.com,"West Victor",Massachusetts,2022-05-08
384,Ricky,Fischer,Female,bcarpenter@example.com,"New Melanie",Maryland,2024-11-25
385,Richard,Johnson,Other,jmcclure@example.org,"West Michelle",Hawaii,2023-08-19
386,Kenneth,Orr,Female,nicolereeves@example.com,Sarahbury,Vermont,2021-06-10
387,David,Moyer,Other,courtney87@example.com,Kimfurt,"New Mexico",2024-02-17
388,Robert,Fernandez,Female,brookstaylor@example.org,Jasonshire,Washington,2023-07-09
389,Shelby,Lloyd,Male,victoriabenson@example.com,"New Lauren",Iowa,2025-02-08
390,Erica,Smith,Male,weaverjohn@example.org,Johnsonberg,Alabama,2022-05-12
391,Raven,Wall,Female,elliottfrank@example.net,Gonzalezberg,Minnesota,2023-04-07
392,Christina,Johnson,Other,ryan33@example.org,"New Daniel","North Dakota",2021-07-08
393,Kevin,Harris,Male,hannahmunoz@example.com,"New Kenneth",Delaware,2024-10-27
394,Amy,Mcmahon,Male,kristianderson@example.net,Ramirezview,Nebraska,2024-06-03
395,Aaron,Duncan,Male,croberts@example.org,Roberttown,Iowa,2023-12-08
396,Justin,Dennis,Female,marcohines@example.com,"Lake David",Washington,2025-03-28
397,Russell,Meyer,Female,lbennett@example.net,Gordonfurt,"South Dakota",2024-09-21
398,Bethany,Guerra,Other,jonathangonzales@example.org,Brandifort,Alabama,2025-06-07
399,Diana,Phillips,Other,jeffreynichols@example.com,Saraville,"North Carolina",2022-02-03
400,Steven,Rodriguez,Other,brandonallen@example.org,"New Danielle",California,2023-12-16
401,Scott,Mccarthy,Female,johnstonjohn@example.org,Marcoport,"South Dakota",2021-04-02
402,Jason,Kirk,Female,hendersonjacob@example.org,"South Tyler","North Dakota",2021-05-24
403,Thomas,Wallace,Other,kelly34@example.com,Cassandraville,Iowa,2023-02-15
404,Rachel,Reynolds,Other,jacobsalicia@example.net,Danielbury,Idaho,2023-08-21
405,Laura,Baker,Female,marshtimothy@example.com,Evansmouth,"North Dakota",2025-03-10
406,Gene,Lin,Other,murphyjoseph@example.com,Martinville,Delaware,2020-12-25
407,Christopher,Kaiser,Male,peggybrown@example.com,"New Wayneport",Minnesota,2022-05-18
408,Zachary,Dennis,Female,samuel99@example.org,Bradleyville,Oregon,2024-03-15
409,Cynthia,Wilson,Other,andreawalker@example.org,Sergiotown,Massachusetts,2024-02-05
410,Matthew,Gomez,Female,moranphillip@example.com,"East Christopher","New Jersey",2024-12-15
411,Loretta,Miller,Male,jasonmoore@example.com,Rodriguezberg,Idaho,2024-07-18
412,Karen,Mcguire,Female,robinvasquez@example.com,Williamside,Nevada,2024-08-31
413,Emily,Luna,Female,erobinson@example.com,"Lake Elaine","New Hampshire",2021-08-04
414,Jeffrey,Murphy,Female,friedmanrichard@example.com,Graceburgh,Nevada,2020-06-22
415,James,Hunter,Female,zjohnson@example.com,Dudleyhaven,Texas,2023-07-18
416,Andrew,Hill,Male,clarkmichael@example.org,"West Michaelland","North Dakota",2021-05-31
417,John,Mccoy,Female,vsalinas@example.net,"New Michelle","New Mexico",2025-04-30
418,Thomas,Hunt,Female,gavin84@example.org,Darrellville,Wyoming,2023-11-05
419,Melissa,Waters,Other,christopher07@example.net,Orrport,Oregon,2020-08-09
420,Charles,Mann,Female,jessica27@example.com,Spearschester,Oklahoma,2025-02-13
421,Robert,Edwards,Other,leonardmiranda@example.com,"South Matthew","New Jersey",2022-09-12
422,Crystal,Middleton,Male,william67@example.com,"Port Kimberly",Montana,2025-05-09
423,James,Hamilton,Male,nathanhowe@example.com,"West Stephenburgh",Arizona,2022-09-24
424,Heather,Randolph,Male,alexanderwilliams@example.net,"Port Shawn",Michigan,2025-05-25
425,Troy,Bauer,Male,glee@example.net,"Lake Haileystad","Rhode Island",2022-04-01
426,John,Stewart,Other,cynthia64@example.com,"South Kristiburgh",Colorado,2022-04-10
427,Diana,Skinner,Female,campbellseth@example.com,"Lake Stephanietown",Virginia,2024-01-17
428,Adam,Guerrero,Male,nbrewer@example.org,"Port Tracey",Florida,2025-05-31
429,Karen,Rich,Female,tinahale@example.net,"Port Johnmouth",Tennessee,2022-05-23
430,Kayla,Johnson,Other,igoodman@example.net,Christopherchester,"New Hampshire",2023-03-18
431,Daniel,Walters,Other,megan91@example.com,"Lake Joseph",Oregon,2022-01-17
432,Ronald,Smith,Other,vjohnson@example.net,"West Anthony","New York",2021-03-27
433,Gregory,Taylor,Male,lisa04@example.net,Williammouth,Florida,2025-06-06
434,Susan,Bennett,Female,douglasbutler@example.com,"East Lori","North Carolina",2024-04-26
435,April,Hahn,Female,jay23@example.net,Caitlinshire,Oklahoma,2021-05-10
436,Brent,Nunez,Female,patricia12@example.org,Kimberlystad,Georgia,2020-12-02
437,John,Baker,Other,jenniferwillis@example.net,"Port Gavin",Kentucky,2022-11-17
438,Melinda,Hernandez,Male,guerrerorenee@example.com,"New Scott",Nevada,2025-06-05
439,Stephen,Cervantes,Other,anna53@example.com,"East Michaelshire",Illinois,2024-10-18
440,Laurie,Gross,Other,smithcharles@example.net,Michaelmouth,Minnesota,2021-12-28
441,Elizabeth,Campbell,Female,skim@example.org,Meganberg,Oklahoma,2022-09-20
442,Vanessa,Gonzalez,Other,reneevelasquez@example.net,"Port Benjamin",Texas,2022-09-26
443,Caitlin,Liu,Female,sheila42@example.net,Jessicahaven,Minnesota,2024-02-29
444,Stephanie,Tapia,Male,matthewespinoza@example.net,Mahoneyshire,Vermont,2024-06-18
445,Patricia,Vincent,Female,gbrown@example.net,"East Carolineshire",Wyoming,2023-09-20
446,Cheyenne,Curry,Male,reginaanderson@example.com,Westbury,"Rhode Island",2023-07-07
447,Jennifer,Smith,Female,qbrown@example.net,Ericabury,Indiana,2020-11-23
448,William,Jones,Other,carlos80@example.com,Johnsonchester,Georgia,2021-07-07
449,Maria,Grant,Other,archerjames@example.net,"East Jamie",California,2024-06-09
450,Amy,Clark,Male,barbara56@example.com,"Lake Charlesland",Arkansas,2021-11-17
451,Phyllis,Thompson,Male,kadkins@example.net,Tammystad,"South Carolina",2021-11-14
452,Julia,Barnes,Male,peter58@example.com,Nortonborough,Oklahoma,2021-08-09
453,Thomas,Baker,Female,khanson@example.com,"New Nicole",Michigan,2024-05-23
454,Jonathon,James,Female,nicoleweaver@example.org,"South Melissaberg",Minnesota,2020-09-30
455,John,Silva,Male,zmoore@example.org,"West Hannahfort",Missouri,2020-09-21
456,Dana,Little,Other,francobrian@example.org,Laurafurt,Massachusetts,2023-08-07
457,Katie,Washington,Female,zmiller@example.org,"South Justin","New Mexico",2023-07-18
458,Adrienne,Sandoval,Female,garciamarcus@example.com,Williamstown,Missouri,2021-05-29
459,Courtney,White,Female,acohen@example.com,"South Phillip",Ohio,2024-06-03
460,Joshua,Evans,Male,victor86@example.com,Contreraston,Alabama,2022-02-12
461,Chris,Hall,Male,karen57@example.com,"South Courtney",Delaware,2023-06-20
462,Justin,Carter,Male,esparzageorge@example.com,Careymouth,"New York",2024-03-19
463,Joseph,Washington,Male,ahill@example.org,Savannahview,Ohio,2020-10-21
464,Luis,Robles,Male,vmills@example.net,"West Jeremyland",Florida,2023-02-06
465,Amber,Myers,Other,istokes@example.com,Riveramouth,"Rhode Island",2023-12-28
466,Devon,Howard,Other,howardrobert@example.com,"East William","South Dakota",2025-04-17
467,Jesse,Castillo,Male,mark22@example.com,Myersville,Hawaii,2024-10-01
468,Heather,Davis,Female,jordan89@example.net,Mooreview,Nevada,2021-02-06
469,Jasmine,Rodriguez,Male,afitzpatrick@example.org,Brownbury,"North Carolina",2023-09-02
470,Caleb,Ibarra,Other,jamesrussell@example.net,Christopherstad,Ohio,2022-04-01
471,Rick,Fischer,Other,xsmith@example.org,"Port Allison",Virginia,2021-08-22
472,Amy,Mitchell,Female,lori01@example.com,"Port Joeland",Wyoming,2020-09-17
473,Robert,Montes,Other,mullenricky@example.org,Millershire,"South Carolina",2021-07-29
474,Jamie,Nguyen,Male,lisa42@example.org,Emilyshire,"North Dakota",2022-11-15
475,Robert,Bates,Female,cbrown@example.net,Scotttown,Mississippi,2023-03-18
476,Rebecca,Wilson,Male,jessica89@example.net,"New Thomaschester",Colorado,2021-04-30
477,Brandy,Marshall,Male,anthonyfranklin@example.com,Stacyview,Minnesota,2023-11-01
478,Heather,Flores,Female,lewiselizabeth@example.org,"Port Tammyfort",Minnesota,2025-03-06
479,Melissa,Wilson,Male,mlittle@example.com,"Lake Glennmouth","South Dakota",2022-05-30
480,Kathy,Terry,Other,kparrish@example.com,"Port Keith",Connecticut,2024-03-29
481,Omar,Bush,Male,maryrogers@example.org,Rodriguezmouth,Pennsylvania,2021-02-14
482,Adam,Ayala,Female,daniel56@example.net,Connieburgh,Montana,2024-07-23
483,Michael,Webb,Female,alisha45@example.org,Crystalberg,Michigan,2023-02-02
484,Karen,Ballard,Female,wharris@example.com,Castroburgh,"New Hampshire",2021-01-03
485,Melissa,Burns,Male,gevans@example.org,"North Michaelland",Texas,2023-08-10
486,Stephanie,Jenkins,Female,tyrone39@example.com,"East Sandyhaven",Wisconsin,2023-02-18
487,Robert,Young,Female,beasleybreanna@example.net,"New Michael",Oklahoma,2023-09-27
488,Julie,Carter,Male,taylortoni@example.org,"North Kaylamouth",California,2023-05-06
489,Amy,Romero,Other,jenniferking@example.org,"West Lindaberg",Nebraska,2024-02-03
490,Carrie,Wu,Male,solistara@example.com,"West Mark",Tennessee,2024-02-03
491,Jeffrey,Patton,Female,martinramirez@example.org,"Port Lisashire","South Carolina",2023-03-22
492,Jeffrey,Brown,Female,tlee@example.org,Johnsonfort,Delaware,2024-11-12
493,Ryan,Ingram,Male,perezanna@example.com,"Lake Michelefort",Wyoming,2021-07-11
494,Anthony,Green,Other,iruiz@example.com,Reyesmouth,"New Jersey",2022-02-13
495,Matthew,Stewart,Female,xcox@example.org,"Lake Morganton",Georgia,2025-05-15
496,Erin,Myers,Female,carl64@example.net,Farmerchester,Wisconsin,2023-09-24
497,Richard,Ramos,Female,jamesmason@example.net,"West Jenniferton",Illinois,2021-12-05
498,Frederick,Ross,Male,maryflores@example.net,Robertsstad,Delaware,2022-01-03
499,Tanner,Gaines,Female,zhorton@example.com,"North Amberburgh",Kentucky,2023-08-14
500,David,Adams,Other,duncanerik@example.net,Andrewville,Vermont,2023-05-17
501,Cindy,Chandler,Female,garysnow@example.org,Jessicaton,Alaska,2022-04-29
502,Anthony,Morgan,Female,jennifer69@example.com,Oliverview,Kentucky,2021-08-08
503,Phillip,Cardenas,Other,stephenroberson@example.com,"New Victoria",Delaware,2021-09-21
504,Anne,Parker,Female,coreyhendrix@example.org,"West Jeffrey",Michigan,2020-10-09
505,Anthony,Ortiz,Male,cruzhunter@example.net,Leeberg,Kansas,2021-06-17
506,Dawn,Armstrong,Male,dianemay@example.net,Ryanstad,Minnesota,2024-02-22
507,Derek,Jackson,Male,watsontina@example.net,Ericport,Maryland,2022-10-13
508,Steven,Harris,Other,harrisonvincent@example.com,"North Johnview","North Dakota",2023-03-21
509,Brent,Garrett,Female,oliviamorrow@example.com,"West Natalieville",Connecticut,2022-09-28
510,Nicholas,Gould,Male,robert89@example.org,"South Jessica",Illinois,2025-01-20
511,Jason,Austin,Other,preilly@example.org,"Port Lynn","New Mexico",2022-08-03
512,Mark,Rivera,Female,ohardy@example.net,Amberbury,Arizona,2025-03-28
513,Kathleen,Jacobs,Other,nwilson@example.net,Sophiaburgh,Idaho,2022-07-29
514,Nicholas,Smith,Male,hoopernicole@example.org,Allenborough,Nevada,2021-02-03
515,Karen,Bowen,Male,kshelton@example.org,Frenchside,Wyoming,2020-06-24
516,Marie,Lang,Male,ericksonlaura@example.com,Rickychester,"North Carolina",2024-07-06
517,Johnny,Davis,Other,madison87@example.org,Markfurt,Pennsylvania,2021-11-21
518,Christopher,Bush,Other,lisa79@example.com,Scottborough,"West Virginia",2021-12-01
519,Andrew,Barr,Male,chad76@example.com,"New Nicholasshire",Tennessee,2024-11-05
520,Amber,Wang,Other,lee98@example.org,Riveraville,Idaho,2022-01-02
521,Zoe,Tran,Male,cameronkaitlyn@example.com,"Lake John",Arkansas,2023-04-13
522,Michael,Pena,Male,gomezcalvin@example.com,Monicaview,Alaska,2024-03-08
523,Debra,Stone,Female,grantkevin@example.net,"North Steven",Michigan,2023-02-16
524,Kimberly,Cox,Other,jjackson@example.org,Markhaven,Oklahoma,2025-02-15
525,Denise,Gonzalez,Male,andrea76@example.org,Johnton,Hawaii,2022-08-08
526,Karen,Moore,Male,callahansusan@example.net,"Port Karen",Arkansas,2022-10-04
527,Stefanie,Nichols,Other,jross@example.org,"South Lisafort","South Carolina",2022-06-15
528,James,Heath,Female,lmaldonado@example.org,"Port Kylefurt",Kansas,2020-10-26
529,Andrew,Perez,Female,chenmatthew@example.org,Samanthaton,Minnesota,2025-06-07
530,Elijah,Solis,Male,mooreashley@example.net,"New Robert","New Hampshire",2021-09-29
531,David,Lozano,Other,yboone@example.org,"North Williammouth",Maine,2025-01-14
532,Elizabeth,Rivera,Female,lisajohnson@example.com,Conleyland,Maine,2024-10-11
533,Anne,Lewis,Other,sextonpaul@example.net,"New Charlesside",California,2023-06-09
534,Jeffery,Quinn,Other,marksbrandon@example.net,"Lake Deborahbury","North Dakota",2022-06-03
535,Holly,Case,Male,jeffreymaxwell@example.net,Riceville,Connecticut,2023-05-17
536,Katie,Johnson,Female,paullawson@example.org,"North Justintown",Maine,2022-09-28
537,Gary,Smith,Male,joshuamccarthy@example.net,Joshuaview,Nebraska,2023-08-01
538,Catherine,Bentley,Female,mstanley@example.com,Lesliebury,Pennsylvania,2024-08-27
539,Julie,Garcia,Female,sanchezleslie@example.com,"West Richard",Texas,2020-10-14
540,Danny,Sanders,Female,gmurphy@example.net,"North Teresa",Wyoming,2024-11-25
541,Lori,Washington,Female,yatkins@example.net,"New Erinmouth",Michigan,2024-06-15
542,Tami,Moore,Female,wendylee@example.com,"North Adrianview",Utah,2025-01-21
543,Daniel,Turner,Other,fsmith@example.com,Jessicaberg,"South Dakota",2020-12-23
544,Anthony,Hall,Male,jodicannon@example.net,Gomezhaven,Arizona,2022-02-20
545,Larry,Barton,Other,craigmurphy@example.net,"North Richard","New Mexico",2024-05-19
546,Erica,Wright,Female,maldonadokatrina@example.com,Christopherchester,"West Virginia",2021-01-05
547,Susan,Nelson,Male,howarddawn@example.net,"Lake Natalie",California,2024-04-16
548,Randy,Martinez,Female,rwilliamson@example.net,"Port Aaronside",Virginia,2023-04-24
549,Jennifer,Bowers,Male,zacharypage@example.com,Mayport,Maryland,2023-07-02
550,Charles,Rios,Other,bradley58@example.net,"West Johnmouth",California,2021-08-06
551,Hannah,Anderson,Male,danieljones@example.org,"East Guy",Mississippi,2024-11-26
552,Courtney,Yang,Male,pam01@example.org,Markchester,Wisconsin,2024-01-07
553,Curtis,Nelson,Male,tiffanymcguire@example.org,"North Mary","North Carolina",2024-05-22
554,Kendra,Miller,Male,richardmooney@example.org,Annestad,Arkansas,2022-02-09
555,Melissa,Jones,Male,courtney68@example.net,Amandaland,Virginia,2024-04-21
556,Caroline,Bowen,Female,manningbrandi@example.com,"Lake Sarahborough",Kentucky,2022-06-02
557,David,Farmer,Male,iwilliamson@example.org,"South Robert",Nebraska,2022-08-25
558,Tonya,Perry,Male,jessebeltran@example.net,"New Emmaton",Minnesota,2022-11-01
559,Kimberly,Smith,Other,michael84@example.com,"South Susan","New Jersey",2023-09-24
560,Michael,Greer,Male,kcherry@example.com,Wrightville,Florida,2023-09-29
561,Ross,Jacobs,Other,hermanveronica@example.com,"Port Georgemouth",California,2022-09-18
562,Mitchell,Hernandez,Female,bmckay@example.org,"Port Shawn",Connecticut,2025-05-02
563,William,Fitzgerald,Male,irobinson@example.net,Micheleshire,Oklahoma,2025-05-30
564,Matthew,Sparks,Other,timothy78@example.net,"East Mark","New Hampshire",2023-01-25
565,Melissa,Lee,Other,mistykelly@example.com,Dannystad,Georgia,2024-02-16
566,Lynn,Obrien,Female,shawn29@example.net,"Lake Kennethview","North Carolina",2024-08-20
567,Daniel,Collins,Male,elainehall@example.net,"Lake Andrewview",Virginia,2020-12-08
568,Susan,Morris,Male,xnixon@example.net,Pittsfort,Wisconsin,2022-12-05
569,Cynthia,Hunt,Other,jennifertaylor@example.org,"East Briana",Ohio,2021-11-20
570,Maria,Johnson,Male,angie42@example.org,"North Aliciahaven",Kentucky,2024-05-29
571,Jasmine,Hill,Other,gregorydavis@example.net,"North Katherine",Indiana,2023-09-03
572,Ryan,Harris,Male,casey54@example.net,"South Nicholaston",Michigan,2024-03-27
573,Jessica,Baker,Other,brandyrobles@example.org,Elizabethshire,"South Carolina",2022-11-25
574,Tammy,Douglas,Male,tlozano@example.com,Patriciaside,"New Jersey",2024-01-09
575,Joseph,Ruiz,Female,tbradford@example.com,Mcknightton,"South Carolina",2024-09-15
576,Lindsey,Carter,Male,hthompson@example.com,Douglasbury,Wyoming,2021-12-09
577,Amanda,Davis,Male,amy17@example.com,Stoutchester,Texas,2023-04-01
578,Timothy,Rasmussen,Female,colemanscott@example.com,Mendozabury,Arkansas,2021-03-28
579,Ryan,Hoffman,Male,vaughanpriscilla@example.org,"Port Nathaniel",Illinois,2022-12-13
580,Jessica,Webb,Female,sullivanandrea@example.net,Brianafurt,Mississippi,2021-01-31
581,Joseph,Velez,Male,patricia13@example.com,"Port Saratown",Missouri,2021-08-25
582,Melissa,Ferguson,Other,elizabeth60@example.net,"New Cynthia",Minnesota,2023-09-20
583,Mariah,Sanchez,Other,lisa37@example.com,"Port Laura",Delaware,2025-01-23
584,Christopher,Smith,Male,anthony29@example.net,"East Andrea",California,2024-03-24
585,Nicole,Crawford,Male,amandaroberts@example.net,Stephenberg,Nebraska,2022-08-10
586,John,Long,Male,tashatownsend@example.org,"South Melissachester","Rhode Island",2024-09-01
587,Steven,Watson,Other,rogerfarrell@example.com,"New Patrick","Rhode Island",2023-10-02
588,Cheryl,Payne,Male,andrewsdebbie@example.com,Boydburgh,"North Carolina",2020-08-28
589,Nicholas,Rodriguez,Other,darrylmacdonald@example.com,Perezburgh,Nevada,2022-04-21
590,Anthony,Walker,Female,hchavez@example.net,"Lake Lindseyburgh",Alabama,2022-05-03
591,Melissa,Hester,Other,afritz@example.com,Weaverport,"New York",2025-01-04
592,Hunter,Sanders,Other,smithwendy@example.net,Philliptown,"New York",2021-06-03
593,Jason,Hall,Female,rherman@example.org,Osbornhaven,Tennessee,2024-12-27
594,Lauren,Wood,Other,taylormelinda@example.org,Sharonbury,"North Dakota",2020-12-17
595,Matthew,Hart,Male,erinirwin@example.com,"North Cindy",Virginia,2021-06-15
596,Nicole,Day,Male,jonesvanessa@example.net,"East Jessica",Maryland,2024-01-30
597,Jacqueline,Cook,Other,jstanton@example.org,Kennethville,Wisconsin,2020-10-15
598,Joshua,Pacheco,Male,nfreeman@example.net,Jacobsborough,Alaska,2020-09-21
599,Alejandro,Daugherty,Other,davismichelle@example.net,Susanside,Iowa,2024-08-21
600,Stacy,Davis,Male,murphycynthia@example.com,Robertstad,Delaware,2021-09-16
601,Christopher,Jackson,Male,smartinez@example.org,"West Larryburgh",Utah,2024-09-01
602,Jennifer,Hancock,Other,jasonfrank@example.com,Angelport,Alaska,2022-11-24
603,Tracy,Burns,Male,ellismelissa@example.com,Wendyville,Mississippi,2023-10-17
604,Katherine,Wright,Other,ikeith@example.com,Huynhland,Virginia,2024-08-27
605,Hannah,Thomas,Male,rodriguezpatrick@example.com,Hardyfurt,"Rhode Island",2021-10-01
606,Debbie,Jensen,Male,noahjones@example.net,Meganfort,Utah,2024-02-17
607,Travis,Wells,Female,jill69@example.net,"North Bryanbury",Michigan,2022-10-25
608,Laura,Sharp,Female,michael22@example.com,Willisview,"West Virginia",2024-09-30
609,Christopher,Knight,Other,qbennett@example.org,Bakerberg,Kansas,2025-04-02
610,Jeffrey,Hall,Female,cathy03@example.net,"East Kaitlynton",Idaho,2024-06-29
611,Heather,Saunders,Other,aaron25@example.com,Larafurt,Mississippi,2022-11-02
612,Kevin,King,Female,chandlertiffany@example.com,"West Monicahaven",Vermont,2021-08-28
613,Bonnie,Collins,Male,sara48@example.com,"Lake Mariemouth",Alabama,2023-01-23
614,Thomas,Morgan,Other,itaylor@example.net,Watkinstown,"North Carolina",2022-07-17
615,Alyssa,Hernandez,Other,ashleyturner@example.org,"Lake Angie",Utah,2020-07-28
616,Ronald,Morris,Male,carlbuckley@example.com,"Lake Tylerhaven",Mississippi,2020-09-16
617,Julie,Cunningham,Other,ssimon@example.org,"South Lisaview","North Dakota",2024-05-12
618,Mark,Russell,Other,gloria49@example.org,"North Thomas",Alaska,2020-08-17
619,Jacqueline,Smith,Female,michaelwilson@example.net,"North Suzanne",Kentucky,2022-06-14
620,Joseph,Vaughn,Other,dfox@example.net,Pittsberg,Texas,2021-08-14
621,John,Fischer,Male,jason20@example.com,"South Mary",Florida,2024-07-07
622,David,Norton,Female,aguilarjustin@example.com,Hamptonfurt,Missouri,2023-08-14
623,James,Gardner,Female,bcurtis@example.org,Perezmouth,"New Hampshire",2024-07-04
624,David,Edwards,Male,brettrice@example.com,Beltranland,Georgia,2022-11-06
625,Amanda,Pearson,Male,brownjennifer@example.net,Jenniferton,Nevada,2023-11-23
626,Kathleen,Morris,Female,fhanna@example.com,Kristinamouth,Pennsylvania,2025-01-17
627,Jacob,Fletcher,Other,brandinguyen@example.org,Barbaraport,Nebraska,2023-11-28
628,Javier,Robertson,Female,jeremy78@example.com,Bellchester,Missouri,2024-05-29
629,Todd,Trevino,Male,crystallandry@example.org,Frenchshire,Oklahoma,2025-04-19
630,Jenny,Haney,Female,elindsey@example.net,"North Douglas",Florida,2024-05-19
631,Tiffany,Miller,Male,ndavis@example.net,"Lake Carriemouth","West Virginia",2020-09-19
632,Alicia,Garcia,Female,umccoy@example.com,"South Christopher",Maryland,2024-01-09
633,Justin,Lyons,Other,david70@example.com,"New Robertton",Wisconsin,2021-02-05
634,Craig,Bennett,Female,thomasronald@example.net,Wagnerfort,Pennsylvania,2024-09-08
635,James,Sherman,Female,johnstokes@example.org,"North Whitney",Louisiana,2021-01-23
636,Jeremy,Martin,Male,sheri23@example.org,Scottmouth,"New Jersey",2022-07-31
637,Harry,Goodman,Male,ljohnson@example.org,Stevenbury,Louisiana,2024-10-13
638,Alexis,Martin,Male,lopezwayne@example.com,"East Elizabeth",Missouri,2025-02-16
639,Amanda,Kim,Female,renee05@example.org,"Lake Brendachester","South Carolina",2024-03-25
640,Joshua,Stanton,Other,keithdavis@example.com,"West Angela",Idaho,2024-07-02
641,Terri,Williams,Male,anthonyortiz@example.org,"East Andrewton",Massachusetts,2021-04-30
642,Angela,Coleman,Male,edwardsjonathan@example.net,Erinbury,"South Carolina",2024-08-19
643,Heidi,Jackson,Female,andrewbird@example.com,Johnsstad,"New Hampshire",2023-07-30
644,David,Pratt,Male,norozco@example.net,Bradleymouth,Nebraska,2023-01-17
645,Miranda,Freeman,Other,davidfarrell@example.com,"Lake Dawn",Oregon,2023-06-02
646,Travis,Curry,Other,johnsonluis@example.net,"North Matthew",Florida,2022-03-03
647,Monique,Payne,Male,jackthompson@example.com,"New Victorfurt",Kentucky,2024-04-13
648,Audrey,Ross,Male,btaylor@example.org,"West Aaron",Nebraska,2022-02-11
649,Taylor,Phillips,Female,jeffersondaniel@example.org,Graytown,Tennessee,2022-03-17
650,Scott,Graham,Other,amanda33@example.net,"North Ryanland",Massachusetts,2023-02-13
651,Jack,Phillips,Other,leedarlene@example.com,Julialand,"North Dakota",2024-06-11
652,Brett,Weeks,Male,zacharymoses@example.org,Davisborough,Louisiana,2021-12-13
653,Shelley,Rhodes,Female,ericquinn@example.com,"New Heather",Arkansas,2023-02-10
654,Tim,Mills,Other,marisa64@example.com,Nguyenchester,Indiana,2023-09-17
655,Lynn,Gilbert,Other,jaylopez@example.com,Ayalaport,Wisconsin,2022-09-15
656,Richard,Watson,Female,kendra49@example.com,Andreland,Michigan,2024-10-25
657,Charles,Santos,Female,lmcguire@example.com,"New Timothystad",Georgia,2025-06-21
658,Crystal,Thomas,Other,rjordan@example.org,"East Lisaport",Nebraska,2021-06-22
659,Brian,Mills,Other,blairbrandy@example.com,"South Debbie",Florida,2024-11-14
660,Edward,Harris,Female,samuelchavez@example.net,"West Cameron",California,2021-09-23
661,Anna,Mendez,Other,pweber@example.com,"Port Donna",Hawaii,2021-08-12
662,Kevin,Klein,Male,gregory73@example.com,Goldenhaven,Arkansas,2024-11-22
663,Victoria,Stone,Male,fdavenport@example.com,"East Larrymouth",Maine,2021-06-11
664,David,King,Female,wendyholden@example.com,"North Eric",Alabama,2021-03-13
665,Kathy,Ford,Female,lisa91@example.com,"Port Linda","New Mexico",2021-10-22
666,Catherine,Mayer,Female,ygallagher@example.org,Clarkton,Oklahoma,2024-04-29
667,Krystal,Ho,Male,kristin80@example.net,Williamsbury,Maryland,2025-05-01
668,Jeremiah,Cortez,Other,gbutler@example.com,"Port Sarah",Louisiana,2025-05-19
669,Alexandra,Phelps,Male,xpatton@example.org,Guzmanstad,Kansas,2024-06-11
670,Shannon,Taylor,Other,richardperkins@example.com,Perezmouth,"New Mexico",2020-07-27
671,Scott,Warren,Male,keithalexander@example.com,Ryanport,Delaware,2020-12-18
672,Michelle,Calderon,Other,uhamilton@example.net,"North Andreaport",Arkansas,2023-06-13
673,Veronica,Smith,Male,matthewhoffman@example.net,Devinfort,Alaska,2023-05-10
674,Kevin,Butler,Female,omartinez@example.net,"Port Matthew",Iowa,2021-07-01
675,Christine,Hernandez,Male,julie24@example.org,Julieborough,Colorado,2022-11-04
676,Chelsea,Jones,Other,lsnyder@example.org,Cruzshire,Massachusetts,2023-09-21
677,Jody,Rowland,Male,dakota71@example.org,Heatherborough,Iowa,2023-11-06
678,Stacey,Collins,Male,sboyer@example.com,"North Sarah","South Carolina",2023-09-22
679,Jared,Lopez,Male,juliepayne@example.org,Jessicastad,Colorado,2023-08-12
680,Jason,Benson,Female,joseph46@example.net,"Lake Samantha",Georgia,2024-03-30
681,Donna,Medina,Male,vincent63@example.net,Marioview,Arkansas,2022-10-17
682,Eric,Rivera,Female,gutierrezcraig@example.net,"East William",Kentucky,2025-03-18
683,Glenn,Brown,Female,kennethruiz@example.net,"West Christopherbury",Arizona,2021-05-20
684,Charles,Harrison,Male,christinagoodwin@example.net,Doyleberg,Washington,2024-10-20
685,Aaron,Moore,Male,perrymichael@example.org,Nicolehaven,Oklahoma,2021-02-05
686,Shannon,Bell,Male,garciapenny@example.net,Gatesbury,Arizona,2023-10-26
687,Brittney,Hansen,Other,heatherdavis@example.org,"Lake James",Montana,2024-03-08
688,Kelly,Perez,Male,crawfordjared@example.org,"North Michael",Illinois,2021-06-21
689,Jesse,Fuller,Female,sbrown@example.org,"Port Paulabury","New Hampshire",2021-08-04
690,Jasmine,Reilly,Male,hahnjoshua@example.net,"North Davidbury",Montana,2023-05-02
691,Jacqueline,Hill,Other,jolsen@example.net,Taylorborough,Iowa,2022-05-05
692,Shawn,Hoover,Male,petersdonald@example.net,Harrisonton,California,2021-08-08
693,Grace,Parrish,Other,audrey12@example.org,"Lake Stephanie",Michigan,2020-12-30
694,Sandra,Silva,Other,raymond39@example.com,"Lake Misty","North Carolina",2021-08-25
695,Kristin,Torres,Male,usanders@example.net,"Lake Sandra",Nebraska,2024-08-26
696,Colleen,Weber,Female,mary92@example.com,"Port Davidville","Rhode Island",2024-03-19
697,Donna,Powell,Other,maxwell63@example.org,"New Andreaton",Alaska,2021-10-06
698,Sarah,Scott,Male,stevenskaitlin@example.net,Richardsborough,Maryland,2024-11-04
699,Ronald,Weaver,Male,alexander69@example.com,"East Brandon",Mississippi,2025-06-16
700,Amy,Hopkins,Female,holderdaniel@example.net,"East Zacharyland",Colorado,2025-04-01
701,Deborah,Jones,Other,ypark@example.net,Shorttown,Kansas,2024-01-29
702,Rebekah,Hernandez,Other,ashley19@example.com,"North Michele",Hawaii,2022-03-13
703,Margaret,Cross,Male,bmayo@example.com,"New Anne","South Carolina",2021-01-02
704,Charles,Ramirez,Male,jefferywalker@example.org,"New Davidbury",Indiana,2025-02-11
705,Gabriel,Baker,Female,garciapeter@example.org,"Port Louis",Delaware,2021-06-29
706,Kyle,Garcia,Female,kristen90@example.org,Whiteside,Colorado,2023-11-09
707,Kaitlyn,Robles,Other,pparsons@example.net,"West William",Kansas,2022-11-25
708,Ashley,Matthews,Other,jessica01@example.org,"West Tiffanyhaven","New Jersey",2024-03-23
709,Keith,Miranda,Male,jessestanton@example.org,Tuckershire,Connecticut,2023-08-20
710,David,Rivera,Other,alowery@example.com,Masonmouth,Oklahoma,2025-05-19
711,Haley,Ingram,Female,susanhill@example.org,Hawkinsshire,Utah,2020-09-23
712,Holly,Vargas,Female,brandon98@example.net,"East Joshuachester",Kansas,2021-05-05
713,Sherri,Ramirez,Male,christopher01@example.com,Joshuaborough,Maine,2024-08-29
714,Vincent,Aguirre,Female,cburke@example.org,Savannahhaven,Oklahoma,2023-06-07
715,Troy,Savage,Female,regina11@example.com,Nelsonview,Texas,2020-09-28
716,Christopher,Barnett,Female,hesterbeth@example.net,"Lake Jessicashire",Kansas,2022-09-04
717,Bill,Kennedy,Female,ingrambrandon@example.com,"Lake Kendra",Arizona,2021-09-06
718,Ryan,Jackson,Male,patriciajohnson@example.net,"East Barbarafort","North Carolina",2023-10-08
719,Marcus,Logan,Male,hcastaneda@example.com,Jonathanberg,Missouri,2024-06-17
720,John,Hays,Other,adkinscharles@example.net,"Lake Joseph","West Virginia",2022-02-09
721,Christopher,Davis,Female,wrightdrew@example.org,"North Kevinfurt",Kansas,2022-04-26
722,Suzanne,Pratt,Other,wayne54@example.net,"Port Richard","New Mexico",2024-04-08
723,Mary,Thomas,Male,pamela03@example.com,"West Paulafurt",Arkansas,2024-11-28
724,Barbara,Martin,Male,charlesbrown@example.com,Kathyfurt,Connecticut,2024-02-16
725,Stephanie,Baxter,Male,tuckersheila@example.net,Byrdville,Georgia,2024-07-04
726,Yvonne,Morris,Male,harrisamy@example.org,Brianbury,Nevada,2022-06-09
727,Emily,Huang,Male,nguyentimothy@example.net,Amberview,"New York",2021-05-25
728,Joseph,Williams,Male,gibbsdarren@example.org,Sylviamouth,Washington,2024-12-13
729,Billy,Hunt,Male,aguilarkyle@example.org,"South Shawn","South Dakota",2020-07-13
730,Katelyn,Gonzales,Female,kevinmarshall@example.org,"Lake Karla","New York",2023-11-12
731,Thomas,Ortega,Other,tarameyer@example.net,Leeview,Alaska,2022-06-21
732,Denise,Murphy,Male,robertsdavid@example.net,Faithton,"New Hampshire",2023-06-23
733,Sabrina,Mason,Female,trosales@example.com,"North Sandrastad","Rhode Island",2023-06-07
734,Howard,Wilson,Female,reginapeck@example.org,Russellland,Louisiana,2022-11-03
735,Brenda,Castro,Other,taraalvarez@example.net,Kevinchester,California,2022-03-16
736,Cynthia,Bennett,Male,travis46@example.org,Brooksview,Louisiana,2024-08-25
737,Travis,Cruz,Other,allenkristina@example.org,"New Heatherstad",Wyoming,2020-09-09
738,Christopher,Wells,Male,hardinvictor@example.net,Martinezfort,Florida,2023-09-05
739,Michael,Collins,Female,sandovalnicholas@example.net,"South Darrenview","North Dakota",2023-07-07
740,Mathew,Boyd,Female,gary21@example.com,"East Garrettborough",Idaho,2024-10-16
741,Elizabeth,Schmidt,Female,natalie13@example.org,Patriciashire,Kentucky,2023-06-09
742,Mia,Ware,Female,jeff06@example.net,Smithstad,Ohio,2024-01-28
743,Mark,Wilkinson,Other,lchurch@example.com,Melissaburgh,Ohio,2024-10-11
744,Heather,Moses,Male,russelljon@example.com,"Port Brenda",Kansas,2021-05-26
745,Keith,Dougherty,Male,gary52@example.net,Andrewport,Colorado,2020-07-30
746,Sierra,Bass,Other,esingh@example.org,Jasontown,Maryland,2023-01-30
747,Lisa,Dawson,Male,cynthiacampbell@example.net,Amandaport,Louisiana,2020-09-23
748,Andrea,Larsen,Female,villasteven@example.net,Cortezland,Utah,2020-10-29
749,Shawn,Castro,Male,abigail56@example.com,"South Justinmouth",Nevada,2021-05-01
750,Leonard,Henry,Female,william93@example.org,Scotthaven,Ohio,2022-06-29
751,Marcus,Mccormick,Other,woodbrittany@example.net,"South Denise",Idaho,2023-12-28
752,Tara,Jennings,Male,ryan56@example.org,Georgetown,Utah,2020-11-14
753,Richard,Grant,Other,michael84@example.org,"New Biancafort",Utah,2021-01-01
754,Xavier,Graham,Male,shaneramsey@example.com,"Lake Kristie",Washington,2025-02-18
755,Vanessa,Bailey,Female,peteranderson@example.net,"South Michael",Arkansas,2021-03-02
756,Diane,Johnson,Other,richard04@example.com,"South Taylorchester",Louisiana,2023-07-25
757,Amy,Diaz,Male,alvarezelizabeth@example.org,Pachecoview,Alaska,2021-03-23
758,Robert,Owens,Female,michele41@example.org,"East Kenneth",Colorado,2023-05-02
759,Jacob,Santiago,Other,hatfieldnicholas@example.net,"New Jasminemouth",Ohio,2023-11-24
760,Michael,Chandler,Other,qcallahan@example.org,"West Matthewtown",Alabama,2024-01-08
761,Katherine,Lewis,Male,gstrickland@example.org,"Lake Terriborough",Texas,2025-04-11
762,Colleen,Castro,Male,schmitttina@example.com,"East Lisa","New York",2023-03-03
763,Kathleen,Cuevas,Male,dweaver@example.net,Michellebury,"South Carolina",2024-06-15
764,James,Ayers,Female,vanessa17@example.org,"Port Terryberg",Louisiana,2023-11-11
765,Andrea,Reyes,Male,adrianrussell@example.org,Lyonschester,"Rhode Island",2025-03-05
766,Sara,White,Other,martinezmolly@example.net,"North Walter","North Carolina",2022-03-28
767,Samuel,Adkins,Other,donaldthomas@example.org,Jimmyview,Alabama,2022-10-24
768,Helen,Smith,Male,gregorymoore@example.org,"Port Dustinville",Utah,2025-03-01
769,David,Ramos,Male,thomas28@example.org,"North Martinhaven",Alabama,2022-08-06
770,Teresa,Fox,Other,zoe99@example.com,Tammyberg,"South Dakota",2024-05-30
771,Chelsea,Smith,Female,smithchristopher@example.net,Clarkburgh,Nebraska,2021-09-18
772,John,Collins,Male,shaun13@example.com,"North Brandon",Minnesota,2020-09-17
773,Eric,Davis,Male,bushsharon@example.com,Terryhaven,"South Carolina",2022-02-08
774,Andrea,Wood,Other,mckenziesonya@example.com,Robertton,Mississippi,2024-01-01
775,Andrea,King,Male,lucaschan@example.com,Maryberg,Iowa,2024-03-07
776,Christopher,Dorsey,Female,fredday@example.net,"Lake Heidiland",Kentucky,2020-07-28
777,Victoria,Lawson,Other,sandrasmith@example.com,Longhaven,Wyoming,2020-09-27
778,Robin,Johnson,Male,david57@example.net,"South Fred","New Mexico",2023-11-26
779,Steven,Hill,Other,georgesteven@example.org,"Lake Kevin",Oregon,2022-09-15
780,David,Mendoza,Male,andersonamber@example.org,"Port Williamland",Minnesota,2025-02-17
781,Marilyn,Williams,Male,jacobsoncurtis@example.com,Annettemouth,Vermont,2023-05-08
782,Tyrone,Dominguez,Male,john19@example.com,Danielland,"New Mexico",2025-02-13
783,Jennifer,King,Female,kristindixon@example.org,"South Christopher",Missouri,2023-12-12
784,William,Garrett,Female,keith86@example.com,Stephanieville,Massachusetts,2023-05-22
785,Joshua,Maddox,Other,jessica28@example.org,"Port Daniel",California,2024-07-12
786,Mary,Morrow,Male,christopherhicks@example.net,Aliciaside,Indiana,2020-09-10
787,Tina,Roy,Male,andrewwalker@example.com,"South Robert","Rhode Island",2021-04-05
788,John,Pennington,Female,jzavala@example.net,"West Jason",Nevada,2024-03-26
789,Andrea,Osborn,Male,nunezjeremy@example.net,Ryanstad,Arkansas,2025-01-09
790,Patrick,Chen,Female,contrerasconnor@example.net,Grossside,Connecticut,2023-03-14
791,Sandra,Henry,Male,pking@example.net,Walshborough,Indiana,2020-06-24
792,William,Wells,Other,acarlson@example.com,Vickifort,Connecticut,2023-08-06
793,Natasha,Golden,Male,angela57@example.com,"Port Steven",Iowa,2020-07-14
794,Michelle,Christensen,Male,heidi08@example.com,Stevenport,Florida,2023-09-12
795,Joshua,Aguirre,Female,barbaradoyle@example.com,Lopezview,Colorado,2024-07-02
796,Kristy,Johnson,Male,dknight@example.net,Larsonborough,Alaska,2024-11-05
797,Robert,Johnson,Male,michael28@example.net,"Lake Debraside","New York",2022-03-07
798,Sarah,Shannon,Female,esmith@example.net,"South Charlesbury","South Dakota",2024-05-05
799,William,Hernandez,Other,pricerobert@example.org,"South Scott",Alabama,2021-11-30
800,Lori,Fitzgerald,Other,shaunhill@example.com,"Lake Dustinville","West Virginia",2021-06-17
801,Justin,Pitts,Female,millerlucas@example.com,Michaelburgh,Iowa,2024-02-15
802,Kenneth,Anderson,Female,odavis@example.com,"South John",Hawaii,2024-12-01
803,Brenda,Barnes,Female,evansrachel@example.org,Hayestown,Maine,2025-06-09
804,Yolanda,Singleton,Female,michaelreid@example.net,Ericaview,"New Jersey",2021-12-29
805,Tracy,Brown,Female,james69@example.net,Samanthaside,Florida,2023-05-03
806,Edgar,Walsh,Other,daniellesweeney@example.com,Millerfurt,"New Jersey",2021-05-23
807,Amanda,Brown,Other,kevin72@example.com,Jamesbury,Vermont,2021-11-30
808,Michael,Davis,Female,schmidtemma@example.org,Annaton,Delaware,2021-05-30
809,Andrea,Stephens,Male,rachelthompson@example.com,Allenhaven,Georgia,2021-11-09
810,Amy,Lucero,Female,wangjoshua@example.com,Hayesmouth,"South Dakota",2021-08-29
811,Stanley,Lee,Male,kylecortez@example.com,Jenniferhaven,Florida,2023-07-30
812,Marc,Mendez,Female,sherisanders@example.org,Benjamintown,Maryland,2023-04-16
813,Jacob,Smith,Female,amanda57@example.com,Edwardtown,Montana,2024-03-18
814,Heidi,Hood,Other,cruzmary@example.net,Garzahaven,Iowa,2025-03-21
815,Ashley,Charles,Male,rsmith@example.org,Stephentown,Wyoming,2022-04-05
816,Jesus,Stewart,Male,shannon33@example.org,"Lake Ashleychester",Pennsylvania,2023-05-27
817,Kimberly,Fletcher,Other,christinemorgan@example.net,Mcdanielshire,Wisconsin,2025-06-04
818,Bradley,Bullock,Other,michael31@example.com,"Port Bonnie",Maryland,2022-04-28
819,Julie,Matthews,Other,aliciaperez@example.com,"South Sandra","North Dakota",2021-05-08
820,Janet,Blackburn,Other,buckdonald@example.com,"South Danielle",Kentucky,2024-08-20
821,Lisa,Black,Male,swhite@example.net,"Port Kimberlyfort",Colorado,2024-06-15
822,Paul,Shepard,Male,ramoscory@example.com,"Lake Melissafort",Oklahoma,2020-12-05
823,Elizabeth,Powell,Female,carolinecalderon@example.org,"Port Allen",Maine,2024-02-05
824,Lori,Monroe,Female,christopher78@example.org,"Lake John",Oregon,2021-02-22
825,Tina,Caldwell,Other,howardjohn@example.org,"North Danielborough","North Carolina",2024-11-14
826,Tyler,Brown,Other,nreyes@example.com,Suarezview,Nevada,2024-03-09
827,Benjamin,Bryan,Other,fostervalerie@example.com,"New Julialand","South Carolina",2021-12-28
828,Wayne,Mason,Female,maddoxdavid@example.org,Kristyberg,Iowa,2021-05-12
829,Brittany,Daniel,Female,vincentturner@example.com,Greenfurt,Massachusetts,2024-07-05
830,Molly,Miller,Female,lopezbrandon@example.org,Mitchellview,Alabama,2022-10-06
831,Morgan,Ramos,Female,rodriguezjohn@example.org,Robertborough,Georgia,2023-10-07
832,Scott,Hill,Female,nathanielperez@example.net,"East Shari",Ohio,2022-04-10
833,Alicia,Gonzalez,Female,dmiller@example.org,Andrewport,Utah,2021-06-03
834,Stephen,Wagner,Female,lucasivan@example.net,Owenshaven,Mississippi,2024-12-25
835,Jennifer,Thompson,Other,russell62@example.org,Vincentside,Alabama,2024-06-17
836,Robert,Francis,Other,nicholas47@example.org,"Port Mariastad",Connecticut,2024-08-23
837,Diana,Massey,Other,michael94@example.org,Joseport,Kentucky,2022-01-13
838,Eric,Smith,Other,nriley@example.org,"North Anthony",Nevada,2023-04-28
839,Terrance,Hill,Female,aaronbauer@example.com,"East Kevin","North Dakota",2021-07-28
840,Tanya,Bell,Male,derrickyoung@example.com,"Lake Shawn","South Carolina",2021-10-27
841,Matthew,Peterson,Female,yowens@example.net,"West Michelleport","New Jersey",2024-03-06
842,Heather,Carroll,Male,mitchellnicholas@example.com,"Lake Wesley","New Hampshire",2022-05-24
843,Debra,Horton,Other,mary70@example.net,"Port Davidmouth",Indiana,2023-06-02
844,Melissa,Knight,Female,mendezsierra@example.com,"Lake Joseph",Minnesota,2022-06-25
845,Melissa,Ford,Other,ericalyons@example.org,"New Andrea",Indiana,2022-05-17
846,Michele,Wilson,Female,santiagoterri@example.com,Margaretshire,Utah,2024-04-09
847,Norman,Davis,Other,vdawson@example.org,Lawsonchester,Nebraska,2024-10-24
848,Levi,Blair,Male,gregory76@example.org,Travishaven,Wisconsin,2022-07-04
849,Jennifer,Lopez,Male,anthonyjohnston@example.net,Jesusmouth,Vermont,2022-10-04
850,Katherine,Garza,Male,underwooddeborah@example.com,Mckenzieville,"North Carolina",2022-07-03
851,Monique,Sheppard,Female,russellcharles@example.net,"East Alexander",Nevada,2024-07-30
852,Barry,Wang,Male,moorejohn@example.net,"North Madison",Utah,2024-01-10
853,Casey,Kramer,Female,myersconnie@example.net,Lauraside,Missouri,2022-02-26
854,Crystal,Robinson,Male,ojohnson@example.com,"West Patrickburgh",Nevada,2020-09-29
855,Samantha,Brooks,Male,pharris@example.org,"East Joseph",Washington,2025-03-20
856,Wendy,Miller,Female,jamestucker@example.net,"East Garyland","Rhode Island",2022-01-29
857,Julie,Ramsey,Female,brenda12@example.com,"Port Megan",Nebraska,2024-04-14
858,Ryan,Wright,Male,deborah56@example.org,"South Amanda",California,2024-10-02
859,Corey,Hood,Female,smiller@example.org,"North Paulport","New Hampshire",2022-10-06
860,Cynthia,May,Male,james00@example.net,"New Graceview","South Dakota",2021-12-19
861,Monique,Valenzuela,Female,shawnrogers@example.org,"New Lori",Arizona,2021-02-20
862,Scott,Lee,Other,morganwarner@example.org,Markton,Idaho,2025-04-17
863,Heather,Campos,Other,douglaskim@example.net,Burtonborough,"New Mexico",2021-03-02
864,Rebecca,Anderson,Other,njames@example.org,"Port Yolanda","New Jersey",2024-01-17
865,Brandon,Brown,Other,ifischer@example.net,"North Haleyhaven",Wyoming,2021-06-22
866,Laura,Mccarthy,Other,dakota83@example.net,"Lake David",Minnesota,2021-12-05
867,Kelly,Thompson,Male,kgutierrez@example.org,Josephshire,"West Virginia",2020-11-25
868,Nicholas,Taylor,Other,paula82@example.org,"East Benjaminfurt",Oregon,2023-11-14
869,Dustin,Stewart,Other,garciajoshua@example.org,"North Williammouth",California,2021-08-17
870,Amanda,Perez,Other,klara@example.net,Brownville,Colorado,2024-11-11
871,Ashlee,Lopez,Other,llong@example.com,"South Jonathan",Alaska,2020-12-06
872,Laura,Stephenson,Female,oglenn@example.com,Hillville,"New Hampshire",2021-03-13
873,George,Thompson,Male,trujillotony@example.com,Maryville,Vermont,2020-10-30
874,Christian,Phillips,Other,sherry33@example.com,"East George",Hawaii,2024-11-30
875,Monica,Wolfe,Other,emily56@example.net,"East Emilyburgh",Wyoming,2022-04-17
876,Christine,Baker,Other,qmadden@example.net,Bryantown,Kentucky,2020-09-09
877,John,Burns,Male,ldixon@example.com,"East Harold","North Dakota",2021-01-19
878,Roberta,Lane,Female,fredolsen@example.net,"Lake Teresa",Indiana,2023-08-19
879,Douglas,Bailey,Male,jean10@example.com,"East Ashleyberg",Massachusetts,2023-04-29
880,Steven,May,Female,ugarrett@example.org,Sarahaven,Connecticut,2021-04-15
881,Jonathan,Cole,Other,klane@example.com,"West Tinafort",Wisconsin,2022-02-05
882,Jonathan,Welch,Other,patrick51@example.org,"West Barry",Virginia,2024-05-07
883,Albert,Decker,Male,clinekatie@example.com,"North Jennifer","West Virginia",2024-02-25
884,Linda,Johnson,Male,ldawson@example.net,"South Melanieton",Nebraska,2022-07-17
885,Rachel,Davenport,Female,jodipark@example.net,"New Mackenzieshire","New Mexico",2025-06-09
886,Erica,Cruz,Female,nsilva@example.com,Jeffreyberg,Wisconsin,2020-11-07
887,Eric,Medina,Male,michelle12@example.net,"North Markfort",Alabama,2022-11-12
888,Scott,Clark,Female,turnermisty@example.net,Zoeburgh,Connecticut,2024-12-12
889,Michael,Park,Male,rachel22@example.org,"Port Kellybury",Alaska,2025-05-16
890,Briana,Reed,Female,patricia78@example.net,Maryport,Kansas,2021-03-25
891,Danielle,Cochran,Male,mitchellmichael@example.com,"New Michelemouth",Utah,2021-11-03
892,Roger,Hogan,Male,ihodge@example.com,"South Richardtown","New York",2024-07-09
893,John,Clark,Male,shieldskelly@example.net,"New Lisaville","New Jersey",2024-05-27
894,Megan,Lyons,Female,stevensjames@example.net,"West Joshuaborough",Michigan,2023-03-23
895,James,Gordon,Female,claytonchavez@example.net,"Port Ryanmouth",Nebraska,2024-07-10
896,Paul,Gallegos,Female,kimlee@example.net,"North Elizabethville",Mississippi,2024-08-31
897,Timothy,Bauer,Male,heatherhouse@example.net,"West Emilyside","North Dakota",2022-05-15
898,John,Davis,Female,levi67@example.com,"Port Anthony",Wisconsin,2023-08-29
899,Ashley,Ayala,Female,msmith@example.com,Elizabethfurt,Nevada,2024-04-06
900,Bailey,Scott,Male,emilyallison@example.net,"Lake Connie",Texas,2025-05-31
901,Victoria,Mcdonald,Other,hgonzalez@example.org,"New Amyburgh","South Carolina",2020-09-13
902,Kenneth,Johnson,Male,nicolepetersen@example.org,Leestad,Virginia,2023-01-25
903,Tiffany,Wilson,Female,vancejennifer@example.net,"Lake Hannah",Massachusetts,2022-02-10
904,Dominique,Barrett,Male,wesley42@example.com,"New Stanley",Pennsylvania,2020-07-07
905,Joshua,Lopez,Other,kerri83@example.org,Valerieberg,Washington,2023-10-14
906,Ashlee,Taylor,Male,rodneyhayes@example.net,"Lake Yolandamouth",Louisiana,2025-06-20
907,Gina,Willis,Female,yjohnson@example.net,Bellmouth,Montana,2024-07-26
908,Julie,Watson,Other,sheenavazquez@example.net,"Port Ronaldland","New Mexico",2023-06-15
909,Brandon,Gray,Female,vjimenez@example.net,"South Lisa",Vermont,2023-04-14
910,Catherine,Chapman,Other,terrypatrick@example.com,Lindatown,Indiana,2025-04-07
911,Tyler,Johnson,Other,catherine46@example.net,"East Andrewshire",Oklahoma,2021-08-26
912,Rebecca,Haynes,Male,andrewgalloway@example.com,Andersonborough,Tennessee,2021-12-20
913,Justin,Soto,Male,ashley01@example.org,"Lake Julie",Washington,2023-05-30
914,Lauren,Booth,Female,josewood@example.org,Kelseyshire,Utah,2024-10-31
915,Catherine,Smith,Male,neilsummers@example.org,Shaffermouth,Michigan,2022-04-13
916,Michael,Fisher,Male,rodriguezmartin@example.com,"North Randy",Idaho,2024-09-29
917,Dana,Cook,Other,alvarezkristin@example.net,Delacruzhaven,"West Virginia",2023-06-14
918,Christine,Wong,Male,fernandezbrandon@example.net,Maynardchester,Idaho,2023-01-20
919,Erica,Garcia,Other,mitchelldanielle@example.org,"New Ianton",Connecticut,2021-04-21
920,Jennifer,Gentry,Other,bryan31@example.com,"Port Heather",Pennsylvania,2024-09-02
921,Donna,Torres,Other,gcruz@example.com,Keithview,"New Hampshire",2021-03-22
922,Mary,Owens,Female,mcdanielmartha@example.org,"East Richardland",Nevada,2021-12-17
923,Courtney,Lopez,Female,hilldebbie@example.com,Shieldshaven,Montana,2025-06-04
924,Rebecca,Johnson,Female,stephen58@example.org,Luiston,Louisiana,2020-12-07
925,Debbie,Lamb,Other,bobbyfowler@example.org,"West Lauraberg",Wisconsin,2021-10-30
926,Kyle,Bryant,Female,ublack@example.com,"West Laura",Mississippi,2021-02-05
927,Scott,Johnston,Female,seth77@example.net,Apriltown,Oklahoma,2024-08-04
928,Bethany,Graham,Male,barry90@example.org,Smithmouth,Arkansas,2022-09-15
929,Jessica,Ross,Female,qtyler@example.org,"Lake Scott","New Jersey",2021-03-11
930,Christopher,Flowers,Female,hmerritt@example.net,"West Rachelton",Colorado,2025-03-04
931,Kenneth,King,Other,timothygarcia@example.org,Elizabethchester,"Rhode Island",2023-03-15
932,Julie,Brooks,Other,diazsarah@example.com,Cheyennemouth,Wisconsin,2020-09-21
933,Gregory,Morgan,Other,krodriguez@example.net,"Port Timothyshire",Arkansas,2023-09-17
934,David,Gregory,Other,yserrano@example.com,"East Ricardohaven",Nebraska,2024-07-07
935,Amber,Evans,Other,beth83@example.net,"West Madisonbury",Louisiana,2023-03-17
936,Teresa,Arellano,Other,ernestjones@example.org,Stephaniestad,Michigan,2021-06-15
937,Alyssa,Rich,Female,michelle58@example.org,"East Amy","New Jersey",2025-05-12
938,Robin,Hines,Other,jake58@example.org,"North Cheryl",Virginia,2021-06-09
939,Maria,Santana,Other,robert72@example.net,"South Carolyn",Arkansas,2023-03-16
940,Jonathan,Hunter,Male,john33@example.net,"East David",Arizona,2020-07-17
941,Makayla,Fisher,Female,justinhughes@example.net,"Port Sherri",Georgia,2022-08-18
942,Timothy,Schroeder,Female,clintonwhitehead@example.net,Graceton,Louisiana,2022-06-14
943,Lindsay,Finley,Female,crogers@example.org,Ricardomouth,Montana,2021-05-11
944,Julie,Morales,Other,amber46@example.com,"East Jonathanton",Georgia,2024-06-04
945,Matthew,Johnson,Other,njacobs@example.org,Amandastad,Pennsylvania,2024-10-15
946,Darius,Hunt,Other,adamkramer@example.com,Kellystad,Mississippi,2021-11-07
947,Sydney,Nielsen,Male,ericpetersen@example.org,"New Lisaview",Texas,2021-07-31
948,Donald,Tanner,Other,bmolina@example.net,"Port Catherine",Virginia,2024-10-28
949,Tammy,Sanford,Male,jonathanjones@example.com,Sherryview,Missouri,2024-12-23
950,Michelle,Bender,Female,martindavid@example.net,Karenport,Missouri,2023-04-24
951,Jennifer,Gonzalez,Other,sherry61@example.org,"Port Gina","North Carolina",2023-11-17
952,Tina,Compton,Male,laratanner@example.org,Joshuastad,Alaska,2022-06-15
953,Tammy,Walton,Male,nicholsanne@example.com,Shelialand,Mississippi,2024-10-19
954,Linda,Anderson,Other,normakirby@example.net,"Port Alicia",California,2023-08-21
955,Michael,Cook,Female,ocannon@example.net,"Port Coreymouth",California,2022-01-26
956,Krystal,Choi,Female,stephanieleon@example.com,Sarahshire,"South Dakota",2025-04-11
957,Alexander,Waller,Female,wgillespie@example.org,Rebeccaberg,Pennsylvania,2023-11-29
958,Amanda,Parker,Male,kochwalter@example.org,"Port William",Maryland,2022-10-02
959,Shawn,Cannon,Male,david78@example.com,"New Cynthia","New Jersey",2024-04-21
960,Emily,Solis,Male,aaronmorrison@example.org,Elizabethmouth,Georgia,2021-03-26
961,Emily,Ellis,Male,jsolomon@example.org,Ericchester,Massachusetts,2020-11-02
962,Brenda,Martin,Female,wilcoxjennifer@example.com,"North Melissa",Texas,2023-07-24
963,Lynn,Smith,Other,jamesleonard@example.com,Madisonmouth,Pennsylvania,2023-07-18
964,Shelby,Hernandez,Male,pamelabrandt@example.com,"New Tammyport","West Virginia",2025-03-28
965,Daniel,Andrade,Male,sallison@example.net,Schmidtfurt,Maine,2020-07-16
966,Jesus,Turner,Female,gduke@example.net,Carloschester,"North Carolina",2021-08-22
967,Angel,Miller,Other,rmichael@example.net,"New Angela","New Hampshire",2024-11-18
968,Nicole,Young,Other,xrodriguez@example.net,"New Ellen","New Mexico",2023-06-13
969,Anna,Harris,Female,zbailey@example.com,"North Whitneymouth",Washington,2023-03-20
970,Rose,Davis,Female,crussell@example.net,"West Curtis",Missouri,2023-06-11
971,Jeffrey,Sanchez,Other,pwarren@example.org,"North Monicahaven",Delaware,2023-03-11
972,Bryan,Cohen,Male,kimberly00@example.net,Patrickbury,Hawaii,2024-09-24
973,Madison,Singleton,Other,edwin42@example.net,"North Ryanfurt",Nevada,2022-04-15
974,Regina,Brooks,Female,xfleming@example.org,Mariastad,Texas,2021-04-19
975,Kevin,Woods,Male,sweber@example.org,Walkerchester,"North Carolina",2022-02-28
976,Ricky,Cooper,Male,maryriley@example.com,"North Brandon",Michigan,2021-02-19
977,Donald,Ruiz,Female,traceywarner@example.com,Loriborough,Iowa,2024-02-02
978,Sophia,Mcdaniel,Female,coxjustin@example.net,"West Bianca",California,2022-11-05
979,Kevin,Hale,Female,robertfarmer@example.com,"North Michaelport",Maine,2024-10-03
980,Travis,Durham,Other,lkramer@example.org,"South Elizabethstad",Vermont,2021-01-12
981,Colton,Barnett,Other,velezmark@example.net,Jennifershire,Vermont,2021-05-20
982,Paige,Guerra,Male,williamsrandy@example.org,Melindaview,Virginia,2024-11-26
983,Derek,Mccarthy,Female,gsmith@example.org,Daughertymouth,Alabama,2024-04-29
984,Shawn,Hines,Male,richardcastro@example.net,"West Christine",Vermont,2023-05-15
985,Ellen,Davis,Male,elizabethkirk@example.com,"Lake William",Wyoming,2022-01-15
986,Julia,Anderson,Male,nboyer@example.org,Burnettstad,Alabama,2024-06-12
987,Sonya,Hines,Male,keith83@example.com,Bergview,Arizona,2023-08-06
988,Robert,Anderson,Female,mkline@example.org,"Lake Phillipchester",Idaho,2020-11-23
989,Julia,Mejia,Male,campbellrichard@example.net,Robertfurt,Iowa,2020-11-27
990,Eric,Villanueva,Female,meyerspatrick@example.net,Rachelfurt,"New Mexico",2024-06-11
991,Robert,Weiss,Female,ymercer@example.com,Alexanderborough,Nevada,2024-09-02
992,Corey,Cross,Other,lisajohnson@example.org,"South Michael","New Mexico",2023-02-08
993,Tracy,Coleman,Female,dunlapstephanie@example.net,Wilsonville,Indiana,2024-12-25
994,Ricky,Long,Other,lisarussell@example.com,"North Robertochester",Nevada,2022-02-12
995,Stephanie,Jones,Female,kimberlythomas@example.com,Duncanbury,Alaska,2021-02-17
996,Antonio,Freeman,Female,joseph92@example.net,"West Patricia",Mississippi,2024-06-26
997,Mitchell,Yang,Female,ssantiago@example.org,Hickmanbury,Colorado,2021-06-10
998,Scott,Willis,Other,cochranhannah@example.net,Justinchester,"New Hampshire",2023-11-28
999,Stephanie,Walker,Other,andrewmyers@example.org,"New Rebekah",California,2021-05-14
1000,Melissa,Franklin,Male,torresjulie@example.org,"West Roberthaven",Iowa,2021-05-03
