record_id,age_group,age,weight,gender,region,smoking_status,exercise_frequency,bmi,blood_pressure,diabetes,hypertension,cholesterol_level,glucose_level,visit_date
a46029e8-9eb6-4792-aff6-08595e05ae87,46-60,56,68,Male,South,Non-Smoker,Daily,28.2,126.2,False,False,202.0,110.1,2026-04-17
7b28e913-5fd1-4fd9-8f36-ff34549548d9,36-45,38,104,Female,East,Non-Smoker,Weekly,26.1,120.9,False,True,207.2,97.5,2025-05-26
afef95bb-5f57-4d14-b59c-db835a064e06,60+,61,83,Female,West,Non-Smoker,Daily,23.8,135.5,False,True,204.6,116.1,2024-11-06
dff77c9f-0352-482a-9733-706838b70088,36-45,37,80,Female,West,Smoker,Never,29.8,145.6,False,True,206.4,79.1,2026-01-28
f38e379c-bae1-45df-9655-bead976b95e7,46-60,59,59,Female,South,Non-Smoker,Rarely,17.3,123.2,False,False,226.7,119.9,2025-08-17
27b887fb-4693-40df-b855-aa0370da90f6,36-45,38,85,Male,East,Non-Smoker,Daily,29.1,119.8,False,False,189.3,118.2,2025-12-29
65e49c9e-2ccc-4110-b3f7-211c97612c51,36-45,41,85,Female,East,Smoker,Daily,28.5,122.3,False,False,174.4,127.0,2025-11-16
328ae339-18fb-40d0-9adf-69d692b90130,60+,65,79,Male,East,Non-Smoker,Daily,30.8,148.3,False,True,200.3,134.3,2024-06-20
e36b20d2-c867-45a7-8370-8849360c5c29,26-35,31,107,Female,East,Non-Smoker,Daily,15.5,130.6,True,False,200.4,75.7,2025-09-06
d16e39a2-49e9-4c68-9e9a-f64f123f702e,46-60,47,103,Male,South,Smoker,Never,29.5,156.7,False,False,226.5,118.4,2025-09-13
a6b7299b-7c0f-47ea-bb23-9f95c4d5921b,36-45,45,106,Male,North,Smoker,Daily,29.9,130.9,False,True,180.0,97.2,2025-03-26
d216d438-982c-43b2-b946-df40ca681497,18-25,23,103,Female,West,Non-Smoker,Never,20.3,115.0,False,False,152.0,120.5,2025-07-01
05a7a7b1-da81-4e6b-ab35-308bfdbb1d75,60+,66,100,Male,East,Smoker,Daily,29.3,130.9,False,True,218.3,128.2,2026-04-26
93cf051c-f7bf-4fdb-8b1d-e3602f258c33,36-45,40,76,Female,West,Smoker,Rarely,25.2,134.0,True,False,226.9,121.3,2025-09-14
27923ea5-9d12-4d1e-9d17-6204e1f4ef91,26-35,34,60,Male,North,Non-Smoker,Never,31.6,109.6,False,False,239.1,108.2,2024-11-01
5c3f47e1-2604-4e9d-8576-300bdd4f79ea,18-25,20,77,Female,West,Non-Smoker,Rarely,19.8,118.7,False,False,176.3,95.2,2024-10-30
92cd17a9-2c88-4cce-b905-f2ba0287bbb5,36-45,40,104,Male,South,Non-Smoker,Daily,21.9,133.4,False,False,209.2,121.7,2025-01-23
00157bb8-58c1-4d60-9f6f-a6d6de9a952b,26-35,26,77,Female,West,Smoker,Rarely,29.3,130.1,False,False,212.7,129.8,2024-10-05
42b7daaa-77d9-4889-95f8-cf90d11b7c45,60+,65,85,Female,North,Smoker,Never,26.7,128.8,False,False,204.0,105.5,2024-10-06
e81d9a16-513d-473e-a77e-6eed3655632a,36-45,37,103,Male,South,Non-Smoker,Rarely,29.5,134.4,False,False,213.0,86.0,2025-08-21
4f568533-d97c-452d-b66e-70299e3da883,46-60,55,72,Male,West,Non-Smoker,Daily,27.1,140.3,False,True,225.5,104.6,2025-11-22
9868a06b-e046-44f1-8264-12ea577b5468,36-45,36,81,Female,North,Non-Smoker,Daily,26.0,126.3,False,False,244.0,131.2,2025-03-17
c051c2dd-46cc-46a4-a51f-fdaecda4c32e,46-60,50,62,Male,South,Smoker,Rarely,22.2,129.0,False,False,187.0,135.8,2026-01-08
568be28d-c27f-431b-a1f6-67cefba0a4a5,36-45,44,83,Male,South,Smoker,Rarely,29.5,128.1,True,False,175.4,104.3,2026-02-09
8ed2d58c-782e-4e4a-8c73-9cfd85dd6e83,36-45,41,60,Female,West,Former Smoker,Rarely,28.1,164.9,False,False,181.5,88.0,2025-04-18
ea9f702f-4900-452c-b6d9-8f217c0f143b,18-25,19,66,Female,South,Non-Smoker,Weekly,21.2,129.6,False,False,198.5,71.3,2025-01-28
5b1163e0-9944-4da8-af2a-2892b40db3a5,46-60,54,91,Male,East,Non-Smoker,Never,23.1,138.4,False,True,171.9,119.8,2026-05-31
b820234a-0d45-48ba-89a8-65320628090e,26-35,34,106,Male,East,Non-Smoker,Daily,32.4,119.3,True,False,193.0,109.4,2025-01-27
f5ef4da3-f10b-4a67-8a9f-6606f8e52654,18-25,18,45,Female,North,Non-Smoker,Rarely,24.7,115.2,False,False,175.0,127.9,2025-07-29
f4ca96b8-7e50-4587-b7ea-e018134dc1c6,46-60,46,91,Male,South,Non-Smoker,Weekly,23.1,115.6,False,True,196.6,129.5,2026-01-30
96b76222-0be2-4672-b6c0-107b8645bb41,46-60,47,45,Female,North,Non-Smoker,Daily,24.7,134.0,True,False,204.2,114.4,2025-07-17
27c92013-b025-4ad1-88ea-bc4b2ff953a7,46-60,49,95,Male,North,Former Smoker,Never,18.4,142.4,False,True,218.2,112.9,2025-01-23
868e0b63-9d43-4f0b-a951-f5de092c7c56,26-35,27,79,Male,North,Smoker,Weekly,22.5,118.8,False,True,213.9,96.5,2025-12-13
dc4b1968-8abf-49a5-bec1-277cbf045524,36-45,43,73,Female,West,Non-Smoker,Daily,25.9,110.0,False,False,193.2,124.7,2026-01-09
51fbd00d-e6f9-40d6-a760-ebc35e540d18,26-35,27,68,Male,South,Non-Smoker,Never,33.5,137.7,False,False,191.8,120.0,2026-01-18
6d6e841e-4a78-4cfb-a565-091b38e11c8e,26-35,30,57,Male,East,Non-Smoker,Daily,23.5,108.6,False,False,189.8,119.8,2025-12-26
efc5bcfe-b05a-4e48-9e0b-7abc358186a2,36-45,45,56,Male,West,Former Smoker,Rarely,26.4,134.0,False,False,200.1,116.2,2025-01-09
ab6ad055-db73-4294-b257-278c0ad43f19,46-60,59,53,Female,South,Former Smoker,Never,27.3,150.4,False,False,216.5,120.4,2025-07-25
a063be7d-949d-4b9f-8e99-4839ca4ad141,60+,63,109,Female,West,Non-Smoker,Daily,24.1,137.5,True,False,204.5,141.9,2024-11-11
f46f2384-a3e9-45c8-b8e2-0b7d51ef0d11,46-60,48,89,Male,South,Non-Smoker,Never,31.9,120.4,True,False,240.6,121.1,2025-04-16
8c0598dd-f72b-467c-9394-ae908308c24e,18-25,25,107,Female,North,Smoker,Daily,31.1,132.7,False,False,188.1,109.4,2025-07-12
a1fc86c4-6601-4069-96f9-e0941f84fb91,18-25,23,80,Male,East,Former Smoker,Never,26.2,123.1,False,True,179.8,87.0,2025-03-17
e07ecab5-3257-40a3-bec1-a6fc0e625c77,18-25,18,60,Female,South,Non-Smoker,Never,29.5,119.0,True,False,184.6,87.9,2025-07-13
e9512432-94ec-4701-8d19-8084d53997f9,36-45,45,108,Male,South,Non-Smoker,Rarely,20.6,122.4,False,False,168.7,117.9,2025-01-29
209117ca-ac25-4559-816e-7c9d376015a7,36-45,37,91,Male,South,Non-Smoker,Weekly,23.4,120.8,True,False,225.8,101.5,2026-03-13
13386019-dbb1-496b-82bc-9307459c89af,46-60,49,93,Male,North,Former Smoker,Weekly,31.5,122.8,False,False,216.2,143.2,2025-11-17
dbca92bc-5c7e-407d-a088-10ab911169b9,18-25,22,61,Male,South,Former Smoker,Daily,32.1,121.9,False,False,165.8,109.0,2024-11-18
2ed36755-760b-48f9-a78d-fa4ed16aae99,60+,66,94,Female,North,Non-Smoker,Weekly,26.0,132.1,False,False,227.9,143.1,2025-05-19
cfff8a27-4f0b-49be-85bc-5b84f1e61671,60+,64,108,Female,South,Non-Smoker,Weekly,28.4,147.7,False,False,250.6,141.1,2025-09-27
863b3004-e73f-4d41-a20f-c41a04b0c9b0,26-35,32,74,Male,South,Non-Smoker,Rarely,24.9,130.0,False,False,218.6,115.7,2025-04-10
6c1fd768-b645-4273-9f0f-dce9e8f09fdb,26-35,27,97,Female,North,Former Smoker,Weekly,19.2,120.2,False,False,170.1,113.5,2026-03-11
df26e85a-34e7-4732-8891-bd6f0aeb2e6c,60+,68,48,Female,West,Non-Smoker,Never,35.4,126.2,True,False,240.7,120.5,2024-09-30
beff2d73-b2c7-4eec-ba64-0725022fe15a,36-45,44,86,Male,South,Non-Smoker,Daily,24.2,122.8,True,False,240.1,147.7,2024-07-10
21aa103e-ffbe-40bf-82ac-044fd0e437a8,26-35,29,91,Male,South,Smoker,Rarely,26.2,103.8,False,True,172.9,105.1,2025-04-03
faaf8f27-cebf-4d55-a12c-366490b07b16,60+,65,91,Male,West,Smoker,Weekly,29.4,134.8,False,True,234.4,110.8,2025-11-20
6cf98b0a-e4a9-4efe-bc77-006f87cd3f85,26-35,31,62,Female,South,Non-Smoker,Rarely,29.4,112.5,False,False,181.2,102.1,2025-09-04
1988a2bd-0821-4b47-bde6-f5273f222881,46-60,54,69,Male,North,Smoker,Never,30.8,138.8,True,False,168.9,111.1,2024-10-28
07fee399-1135-4f1a-a125-4311d02adb98,46-60,58,86,Male,North,Non-Smoker,Weekly,26.3,124.6,False,False,219.3,131.6,2024-06-26
75d61b66-63c1-4d00-a30e-610830a1cfab,60+,62,106,Female,South,Non-Smoker,Rarely,23.5,122.2,False,False,220.7,134.6,2026-05-30
e51a5390-cdf4-4413-ba18-a3c66c042cd1,26-35,28,101,Female,East,Former Smoker,Rarely,23.7,128.8,False,False,163.4,112.2,2025-10-28
32bdef34-0b5e-4f02-9606-1177fa85562c,60+,61,58,Female,South,Smoker,Daily,28.6,131.3,False,False,231.9,120.7,2025-05-13
19f19958-db8f-431b-a415-10eb345816aa,26-35,30,88,Female,North,Non-Smoker,Never,25.4,117.9,False,True,186.0,116.4,2026-01-14
a041b4f8-80c9-49b5-a4e5-a3d2fbee4e7e,46-60,54,93,Male,South,Smoker,Never,25.7,126.4,False,False,215.8,118.3,2026-01-06
5e222fef-d073-4021-89a9-17b1e444f1cc,26-35,29,55,Male,North,Non-Smoker,Weekly,26.7,125.1,True,False,207.7,111.6,2025-12-02
edf46b3b-a61b-47ca-9dd5-1a430d0fbe5c,46-60,54,62,Female,West,Former Smoker,Rarely,27.2,152.4,False,False,223.5,121.4,2025-02-08
cd6f1296-3301-4d0f-98bc-b8d697b176ad,46-60,55,97,Female,West,Non-Smoker,Rarely,34.0,116.2,True,False,167.2,139.0,2024-09-02
0a2b3b92-ecaf-458e-ac10-7e5a78e807af,18-25,20,71,Female,North,Non-Smoker,Weekly,22.5,114.0,False,False,208.6,115.1,2024-10-11
e53c900a-3e3c-420d-ad16-deb8a0f56858,36-45,44,82,Male,East,Non-Smoker,Rarely,26.3,122.8,False,False,232.1,105.3,2024-07-20
1de10276-1578-49eb-a372-69b106b266e1,18-25,22,80,Female,South,Non-Smoker,Rarely,31.7,114.1,True,False,216.8,106.4,2026-01-03
658133fb-c32c-4362-8d63-9e2aaa4cf6e2,26-35,27,57,Female,South,Non-Smoker,Weekly,24.4,106.3,False,False,192.1,104.2,2026-04-22
338015f2-77e5-4ff7-9d44-1687188b12de,46-60,60,75,Female,North,Former Smoker,Weekly,33.1,139.9,False,False,209.4,112.9,2024-07-14
2e0ecf14-d690-4551-bd9e-4aa88b73c7cd,36-45,43,97,Male,South,Former Smoker,Never,26.2,138.1,False,False,215.3,131.3,2025-10-18
cca8c56d-c228-4c0b-99e9-1c9f07d95b34,46-60,52,78,Male,North,Non-Smoker,Never,29.3,131.5,False,False,206.0,93.5,2024-06-22
f59ede82-13df-49e0-9d5d-e77bce58a8b6,60+,68,73,Male,East,Smoker,Weekly,21.2,145.0,True,True,207.4,114.2,2026-05-20
8bb09744-9bd9-4dc0-89f3-11ee48c06b67,60+,66,45,Female,North,Smoker,Weekly,22.8,139.8,False,False,203.9,133.1,2025-08-07
3db34e5c-763a-4dd3-baa7-0897c1e447c6,36-45,36,63,Female,North,Non-Smoker,Weekly,35.0,118.7,False,False,206.3,135.3,2025-01-21
35ba0af1-5d9c-46ca-92b0-8124422840ed,36-45,45,99,Male,East,Non-Smoker,Never,32.4,127.8,True,False,217.3,108.1,2024-09-22
90afc303-52c1-44ff-9740-734545f13ea2,46-60,51,103,Male,North,Non-Smoker,Never,29.7,143.1,True,True,212.6,113.5,2025-06-16
3b7a103d-144c-4ef4-8a93-9e7ece6f6c84,18-25,20,76,Female,South,Former Smoker,Rarely,32.9,122.4,False,False,186.5,84.1,2024-07-27
ec9ae9bf-f0b7-4ef4-a21c-922e6805e00b,60+,65,63,Female,North,Smoker,Never,31.5,148.7,False,True,229.5,126.4,2026-02-13
8441826a-ac0e-4f48-82fb-5efca2f71ebe,18-25,22,49,Male,South,Non-Smoker,Never,23.2,104.7,False,False,151.6,126.4,2026-01-19
3f7a0e13-4cc2-411a-b03b-fbee8e3b70a8,60+,61,58,Male,West,Smoker,Weekly,26.7,129.6,False,False,189.6,131.6,2025-01-30
58781603-246d-4404-958b-0069d1d6e6a0,36-45,39,62,Female,North,Former Smoker,Weekly,26.1,129.1,False,False,170.8,117.8,2025-01-10
4b7b32cb-1b2b-40d3-9988-a638c8b2d385,26-35,34,71,Male,East,Non-Smoker,Weekly,33.2,123.4,True,False,182.3,119.7,2025-01-06
1587b1e1-5d54-4e0d-8be8-2a950e89c54c,60+,62,98,Male,North,Non-Smoker,Rarely,18.6,122.0,False,True,220.1,117.7,2024-06-06
d2e110db-5c7f-4517-8753-1e2a907abacd,46-60,46,98,Female,East,Non-Smoker,Rarely,22.3,114.9,False,True,172.5,111.1,2026-01-12
e3c600a0-7ab5-4eee-abde-db828e05c484,60+,64,70,Female,North,Smoker,Daily,23.7,141.8,False,True,222.0,117.0,2026-04-14
d40f3b07-0f36-4301-aff2-14f6837ca1a7,36-45,42,88,Male,South,Non-Smoker,Weekly,22.2,149.8,True,True,169.9,128.2,2026-05-31
aa7e5948-5f96-4b54-a619-b1be3fc83bab,60+,61,52,Male,North,Former Smoker,Daily,26.9,153.9,True,False,242.3,136.4,2025-05-17
14399c57-5495-43a1-97e4-929d30b09790,18-25,23,70,Male,West,Former Smoker,Weekly,27.1,126.5,False,True,168.8,140.6,2025-06-10
8c28dd4e-96d4-476f-b9b3-7401f15e039e,18-25,24,83,Male,South,Smoker,Rarely,21.7,135.1,False,False,166.3,109.5,2025-08-05
115e0374-0510-482d-8133-f2e16afd4195,60+,62,59,Female,North,Smoker,Never,21.8,152.6,False,True,204.2,136.7,2025-02-28
c1297cfe-05cf-4a5c-9467-483b6f20740f,26-35,35,78,Female,East,Non-Smoker,Rarely,30.0,122.0,False,False,192.2,89.7,2025-06-28
afe811e9-81f6-46c4-a7b0-b50ae8d181a5,46-60,49,100,Female,East,Non-Smoker,Daily,23.9,143.7,False,False,200.5,136.3,2025-01-11
fea8d6dc-43d5-48c8-9ae7-dce7d8c81f79,46-60,56,81,Male,West,Non-Smoker,Daily,18.6,129.4,False,False,208.7,104.8,2024-07-01
31f640c5-7966-4c7a-9c20-bccaf7ddbe23,18-25,21,55,Female,North,Smoker,Weekly,25.3,115.1,False,False,215.9,124.8,2024-12-11
86b924b5-6ffc-4cd4-b4f7-2cf3d670be4d,60+,62,50,Male,North,Smoker,Weekly,25.5,134.8,True,False,209.7,103.4,2026-02-28
dbdaf43f-bb42-4228-9687-39b6d3ed0b4e,60+,67,58,Male,South,Non-Smoker,Rarely,34.9,130.1,False,True,212.9,132.3,2024-11-15
e17176d6-11f3-4146-961a-0f84e163d9f5,36-45,45,82,Female,East,Non-Smoker,Daily,25.7,126.1,False,False,207.9,103.0,2025-04-26
602ad016-2e77-4427-a369-caf2e02ac0c2,46-60,54,106,Male,East,Smoker,Weekly,23.9,138.8,False,False,249.7,129.3,2026-01-02
e7b1a769-3c13-4a3e-b72c-c85aeadeb0c9,46-60,57,103,Male,West,Non-Smoker,Daily,28.3,129.2,False,False,190.8,107.4,2025-08-06
cf90d34c-dea0-41f4-be65-2a586ede822a,46-60,59,75,Male,South,Smoker,Weekly,22.3,144.5,False,False,204.6,129.1,2024-09-30
c8f6fa8d-882b-43d9-b46c-429be8dbb39c,46-60,56,57,Female,East,Smoker,Daily,27.7,141.4,False,True,193.8,120.3,2024-10-18
60ab4602-e315-4caf-a623-b3dfc429a3db,46-60,51,107,Female,West,Non-Smoker,Rarely,32.0,132.5,True,False,214.1,121.6,2025-10-11
afd07026-afca-4c31-a929-ee041b6eff52,60+,67,66,Female,West,Former Smoker,Rarely,28.0,130.8,False,False,208.5,152.2,2025-05-31
24b1463e-dec1-4066-a94f-6e86beb3d89b,46-60,52,76,Male,East,Non-Smoker,Weekly,23.5,129.1,False,False,224.8,115.3,2025-01-10
853289b7-f43f-4c70-a26f-96c910a11662,46-60,52,46,Male,South,Non-Smoker,Never,27.8,125.8,False,True,185.6,129.1,2025-11-26
ee9f04bf-4918-4c7f-951e-57ce603a631d,26-35,34,78,Male,East,Former Smoker,Never,18.6,117.9,False,False,208.5,117.3,2025-09-30
9a2eca5c-48c3-43f3-8898-87fb8df468fd,26-35,35,97,Female,East,Former Smoker,Rarely,28.0,123.7,False,False,210.2,116.6,2026-05-09
6f723239-e01a-47d2-8f18-fc8fb7e9bf5d,18-25,20,59,Male,South,Non-Smoker,Weekly,28.1,115.4,False,False,224.8,122.5,2025-06-09
1e933505-d54f-4531-aa4a-4f89879a7913,36-45,37,46,Female,West,Non-Smoker,Rarely,25.8,110.5,True,False,241.5,102.7,2024-12-02
cef9b708-81a5-4383-a9b3-0bf7af8c30b6,26-35,35,85,Female,East,Non-Smoker,Weekly,19.7,131.6,False,False,188.6,114.1,2026-05-25
0f23bf8e-afce-4a3c-8e1f-c980205c1702,26-35,29,84,Female,South,Former Smoker,Never,26.0,110.0,False,False,198.7,92.8,2025-04-18
67a06e97-4064-4820-a73e-b5bc1b127b07,46-60,58,59,Female,South,Non-Smoker,Rarely,22.0,130.4,False,False,221.8,121.0,2026-01-20
c84cc87f-c32c-4373-a752-953d5840e389,18-25,20,52,Female,South,Former Smoker,Never,32.8,131.8,False,False,180.4,116.3,2024-08-09
c43821cc-be03-4251-81c4-b46412147dff,18-25,24,85,Female,South,Non-Smoker,Weekly,34.6,131.3,False,False,181.4,94.7,2024-08-31
93bf682c-7e1c-4b8b-8768-dcab98f58bf3,60+,62,97,Male,West,Non-Smoker,Rarely,24.6,114.5,False,False,191.0,139.0,2024-08-16
db4296e6-7d5f-4abf-a5e9-34ab16404a11,46-60,58,51,Female,North,Non-Smoker,Weekly,25.3,125.6,True,False,213.0,126.5,2026-05-31
ed934100-dcbc-4502-8c41-ddefac0a2128,36-45,41,93,Male,West,Non-Smoker,Daily,21.1,111.8,False,True,238.3,103.6,2024-07-29
422a034a-302a-468c-aba2-7bcee6148b7f,46-60,53,56,Male,North,Former Smoker,Weekly,25.3,140.0,False,False,239.3,128.2,2024-11-15
73f18dc9-1877-4be4-afe4-d0474eeb3481,46-60,52,46,Male,North,Non-Smoker,Daily,32.6,115.4,False,False,209.1,105.0,2025-02-21
deb33213-15fd-400c-8dc4-c5fed164d5b7,60+,64,72,Female,East,Non-Smoker,Daily,33.2,144.4,True,False,218.7,120.6,2025-06-11
a746fe58-cd8f-4906-ab51-a5b6042ac516,26-35,29,58,Female,South,Smoker,Daily,25.8,131.4,False,True,217.3,97.1,2026-03-07
f159c643-4e4d-4a7f-be17-d2987a13f0e0,18-25,18,72,Male,East,Non-Smoker,Daily,28.4,118.4,False,False,200.9,66.7,2025-12-12
83f68bde-22f4-4501-bdfd-052c74bbdfe2,60+,66,105,Female,South,Former Smoker,Weekly,27.5,149.4,False,True,220.6,112.7,2024-12-16
f1f293ec-5ce8-4cf7-b02e-d42aade20ba4,36-45,37,77,Male,East,Smoker,Weekly,21.1,136.1,True,True,184.6,132.7,2025-11-19
0b4ab13d-ec86-4be7-a972-decf36a3d511,60+,67,94,Male,West,Former Smoker,Weekly,29.7,140.3,False,True,242.4,107.9,2024-06-22
3cb0c7b1-99dd-410e-9118-8772f97019bc,46-60,59,49,Male,South,Non-Smoker,Rarely,24.4,129.3,False,True,232.8,126.9,2025-08-09
e4322f7a-fb83-4dfa-a0e9-dcabbee65a74,36-45,43,90,Female,North,Non-Smoker,Daily,26.7,128.9,False,False,218.6,94.4,2025-04-26
0fc65fd5-5554-492e-9b31-804a54a3e27c,60+,65,77,Male,North,Non-Smoker,Never,27.2,128.5,False,True,212.3,125.6,2025-01-05
14fb7464-cc63-416b-9518-8439db96a2c5,46-60,48,57,Male,East,Non-Smoker,Rarely,25.0,138.8,False,False,202.4,128.2,2025-01-25
72e65e48-c1b1-4cff-a561-831983d651d1,18-25,24,104,Male,North,Smoker,Daily,21.6,110.2,False,False,181.6,82.2,2025-04-14
64d22c10-d41d-4bef-b69b-7efcb13a1da1,60+,61,53,Male,North,Smoker,Weekly,21.2,142.5,False,False,184.0,123.1,2025-11-17
d0ba990e-a4c0-4a1d-905b-4587dd035d21,46-60,53,65,Male,East,Non-Smoker,Rarely,28.7,137.0,False,False,214.4,122.2,2025-04-18
976b6d92-acf3-4d19-b8d1-e38d19a7ffb4,60+,68,96,Female,East,Smoker,Daily,25.2,147.7,True,True,224.4,144.9,2026-01-28
716942ed-602a-4233-9b0b-7c5313594fef,26-35,33,51,Male,West,Smoker,Weekly,23.1,143.8,False,False,189.0,114.2,2024-07-26
72afb56d-c8bc-4241-96c6-f25ed8095aac,60+,66,91,Male,North,Non-Smoker,Rarely,31.6,135.6,False,True,224.5,156.8,2025-01-22
0cafe143-6930-49bf-bcd3-1099f9cdb9a4,36-45,45,68,Female,North,Smoker,Weekly,28.0,120.0,False,False,189.9,96.6,2024-08-22
c1054da0-d383-425f-9d49-0f35d03a2112,36-45,41,99,Female,North,Former Smoker,Rarely,33.3,118.1,True,False,214.7,105.1,2025-01-11
935e4ebd-20d3-4226-ba84-b33ea17bd10d,46-60,50,101,Female,North,Smoker,Weekly,30.9,151.2,False,True,223.3,91.8,2025-04-26
a05ed6a6-ba50-4cfb-bf61-b29cf9b76522,26-35,35,104,Female,East,Non-Smoker,Never,32.7,118.5,False,False,212.4,131.9,2026-03-24
219a24c0-dd19-42a3-9015-a16bb4a90730,46-60,56,85,Male,West,Non-Smoker,Daily,29.2,119.3,False,False,198.4,118.5,2025-06-14
3b57eca7-bc25-49b4-a13e-007dfa83c878,18-25,22,88,Male,South,Smoker,Rarely,20.6,132.0,False,False,163.2,81.1,2025-06-21
717f3d4e-5444-4020-b182-8f1648b25b1e,46-60,52,75,Male,North,Non-Smoker,Rarely,23.2,130.2,False,False,192.9,117.2,2025-12-23
ed37d897-d0c9-4478-b4e3-6cbc21017811,26-35,33,49,Female,West,Smoker,Never,16.7,123.2,True,False,224.1,108.6,2025-12-03
7ecba2b1-64d3-43b0-b943-c8f69c36ee86,36-45,38,82,Female,South,Smoker,Daily,29.3,123.3,False,False,187.1,89.0,2024-10-25
13d7ccc5-2a85-4cb8-bcf4-6a9926f64b51,36-45,38,70,Female,South,Non-Smoker,Rarely,26.2,109.1,False,False,211.8,101.0,2026-03-14
039d9b72-e737-47c9-bccc-4e78feb45548,26-35,32,89,Male,South,Former Smoker,Never,24.5,127.4,False,False,234.7,109.9,2025-10-30
9738b42c-1333-4b96-b99b-f133524ecfff,18-25,20,46,Male,South,Non-Smoker,Weekly,24.0,115.6,False,False,193.0,102.6,2025-09-05
b68f26da-aa9c-48d2-82ee-b9af3e41a7d0,36-45,42,98,Female,North,Non-Smoker,Never,18.1,124.6,False,False,154.7,112.0,2026-05-26
40901c66-0b5f-40a2-af2e-8e652f74c7a7,36-45,42,89,Female,West,Non-Smoker,Never,25.8,116.3,False,False,210.0,96.5,2025-11-23
2fbe9a5e-8cb1-4ff5-b1ee-4d786d693fcd,46-60,48,46,Female,East,Non-Smoker,Rarely,22.2,127.8,False,True,231.7,83.8,2025-01-09
d9ce87a0-cf05-4eb4-8ad0-7424c0b7ef39,46-60,51,65,Male,West,Non-Smoker,Weekly,26.6,127.0,False,True,195.2,107.1,2025-03-18
2824d755-b943-4fa2-86c9-6107273a7e14,26-35,33,96,Male,West,Smoker,Never,26.6,128.2,False,False,148.7,120.5,2026-01-13
053d36be-74e3-4e93-a687-3a99bdde1c8e,46-60,54,58,Male,North,Former Smoker,Daily,20.5,129.4,False,False,200.9,78.1,2025-12-01
b2ec1f8d-fbbd-4d35-9a62-b1d8bfbf6f94,46-60,55,97,Female,North,Smoker,Daily,23.8,140.9,False,True,210.6,111.0,2025-06-10
586c1365-e2f0-400c-a841-400b51589e70,60+,66,78,Female,West,Non-Smoker,Never,30.8,134.8,True,False,241.4,131.0,2025-11-25
9b269391-9526-4dd4-a486-cdb72c0e0ffd,46-60,46,61,Female,North,Non-Smoker,Daily,31.9,126.3,False,False,195.5,140.4,2025-01-27
2634fe82-4432-4312-b4c9-156cd7ad4233,46-60,46,78,Female,East,Smoker,Weekly,25.6,134.9,False,False,233.6,136.4,2025-11-13
e91d9c14-9a82-4e53-a24d-88f264c9079c,36-45,40,87,Male,North,Non-Smoker,Rarely,27.8,119.2,False,False,177.1,95.4,2024-12-31
b5f5dc32-043c-48cd-845b-821688a2eaba,26-35,28,52,Female,South,Former Smoker,Weekly,21.7,103.4,False,False,197.4,91.3,2025-01-20
6c88f2ca-c23f-426e-b29c-aad994105b29,26-35,34,93,Female,South,Smoker,Never,28.4,141.7,False,True,213.2,125.4,2024-08-14
894512b6-f5d8-40c6-af90-eeea253e6d5a,60+,67,76,Male,West,Non-Smoker,Never,25.7,126.1,True,False,198.7,129.0,2026-05-31
3fdf2aab-1a7c-42a3-9b17-b4017ac23642,26-35,27,66,Female,South,Non-Smoker,Never,21.8,101.1,False,False,191.8,99.3,2024-08-08
4be85e4b-9966-4e96-b9a4-e70e70417e2f,60+,63,65,Male,South,Smoker,Daily,29.0,136.6,True,False,191.9,125.0,2025-01-14
e8ae0b49-9bf1-4a25-a01c-5ee96476f2c0,46-60,49,46,Male,North,Smoker,Rarely,27.3,134.9,False,True,185.5,113.9,2025-12-27
aa857b64-e2b0-4ad6-bc87-587ca505fbf9,60+,61,63,Male,North,Non-Smoker,Weekly,35.2,145.2,False,True,223.2,134.0,2025-08-30
b6535b95-3179-4031-a811-386f1684ef1d,46-60,54,109,Female,West,Smoker,Rarely,25.0,136.4,True,False,238.2,110.7,2025-07-31
d465b202-22bd-4405-b7fa-e431b4bbb6c6,46-60,60,57,Male,West,Non-Smoker,Never,29.0,139.8,False,False,187.0,103.4,2024-06-11
838380fd-0198-4616-b420-792a1bf41580,60+,68,48,Female,South,Former Smoker,Never,26.9,103.7,True,False,211.6,118.6,2025-04-17
02c94fde-b999-40af-94ba-78846d3195a0,46-60,55,48,Male,South,Non-Smoker,Rarely,19.9,144.6,False,True,215.5,107.2,2025-10-30
4f448f7b-68d1-4bbc-8ef9-a6d7c85d970b,60+,69,104,Male,North,Non-Smoker,Rarely,32.5,147.2,False,True,243.7,114.8,2026-01-10
b6528555-3173-455f-b676-0362350a17ae,46-60,55,99,Male,South,Smoker,Rarely,26.3,150.1,False,True,222.6,97.0,2024-12-31
6408a811-019e-45df-b36a-4d72150aaf78,60+,64,91,Male,East,Former Smoker,Weekly,26.8,141.4,False,False,224.5,101.3,2025-01-22
cd5cd3e4-35df-45a4-8eb7-c8416179114a,26-35,27,63,Female,East,Non-Smoker,Weekly,23.9,128.5,False,False,184.5,84.0,2026-03-04
720383e1-39a2-4cda-9004-22684e5837d0,46-60,54,83,Female,East,Non-Smoker,Daily,28.8,130.6,False,False,206.9,102.0,2025-03-21
47237dee-c520-4b8f-8ccd-1a16621ba5c1,36-45,37,58,Female,South,Non-Smoker,Never,25.6,122.8,False,False,180.8,79.5,2025-09-04
642fff16-4bbc-4ebc-8040-6acc8a637ff8,36-45,42,101,Male,West,Non-Smoker,Weekly,25.9,119.3,True,True,169.9,95.6,2025-01-11
a5bef4e0-e056-4d95-8384-c681c1cd4a41,26-35,32,86,Female,West,Smoker,Never,27.0,128.7,False,False,216.9,92.2,2025-01-28
ed287e26-50ab-4af0-94dc-6d9b77b73032,36-45,38,56,Male,North,Smoker,Daily,21.6,135.9,False,False,186.3,106.5,2025-04-25
182a4d32-9b71-4ec4-abc8-ec312ace2537,36-45,39,85,Male,South,Non-Smoker,Daily,21.9,126.2,False,False,186.8,110.8,2025-08-21
f115f68a-de3d-440d-b53e-76281b4dad3c,18-25,23,60,Female,East,Former Smoker,Daily,21.6,117.0,False,False,176.9,116.5,2026-03-17
e7d66a49-9986-438d-8ea7-b495ec05a1f9,60+,64,108,Female,East,Non-Smoker,Daily,25.3,149.3,True,False,208.7,107.7,2025-10-06
930f97eb-219f-4ba7-a530-b95d28afc386,60+,63,84,Female,West,Non-Smoker,Weekly,22.1,139.8,False,False,254.4,151.8,2024-07-07
e859f475-4fb9-4ab8-98a0-49e977944629,18-25,20,94,Male,East,Former Smoker,Daily,25.3,149.9,False,False,155.4,103.0,2025-08-03
ae596e8c-99cc-480a-8a80-ecec35f4973c,36-45,45,86,Female,West,Non-Smoker,Weekly,22.2,116.8,False,False,194.1,127.9,2025-01-20
819647ae-badf-4e2a-8925-d70d25fcf4ba,18-25,20,76,Female,West,Non-Smoker,Rarely,36.2,119.8,True,False,212.1,90.6,2025-07-20
8dcff60b-6202-4c58-9f9a-ba51004acef0,60+,63,107,Male,East,Smoker,Daily,26.8,142.6,False,False,240.8,143.0,2025-05-06
3ff2f63a-4b0b-455b-ae5b-9b83104ed5af,18-25,21,64,Female,South,Former Smoker,Weekly,27.6,110.7,True,True,198.5,99.4,2024-09-09
868252b1-f1b6-4ac6-ba5a-174d726ecb55,36-45,45,55,Female,East,Former Smoker,Never,26.7,141.2,False,True,164.6,103.4,2024-11-17
0f97c720-635d-41cf-8745-4128895b577e,46-60,51,106,Male,North,Former Smoker,Rarely,26.3,140.8,True,True,202.8,101.7,2026-05-12
2d36de4e-e4c4-4d63-aeb9-eeedbeb3a147,60+,64,55,Female,East,Smoker,Rarely,21.4,160.7,False,False,200.3,126.9,2025-09-01
2899f5b6-059b-4214-9d2b-ea9e40ecf797,26-35,33,107,Male,West,Smoker,Weekly,22.3,133.2,False,False,161.1,108.4,2026-03-10
d02f169f-7444-472f-bd29-b6114df835b8,36-45,38,83,Male,East,Smoker,Never,30.1,117.0,False,False,178.6,121.5,2026-03-08
87e9d6b5-bed8-4585-955c-1bdf0f5fe343,46-60,50,106,Male,East,Former Smoker,Weekly,19.8,115.7,False,False,208.0,136.2,2025-09-29
8dd6da49-46f1-4820-8f65-870b0a874d7d,60+,66,95,Male,South,Smoker,Rarely,27.3,143.3,True,False,237.4,115.1,2026-01-28
4d369196-2be6-4fa5-bd67-1e5e7e62d5c8,36-45,36,74,Male,West,Former Smoker,Daily,27.4,117.9,False,True,163.9,103.6,2024-11-07
b1a6a907-c8d5-41ec-bf07-6cf78cccd056,26-35,28,52,Female,North,Smoker,Daily,29.0,117.3,False,True,214.8,107.2,2025-03-04
ced504d8-62d9-4b55-8b3b-b9b65a4401e3,26-35,33,88,Male,North,Smoker,Daily,26.3,139.8,True,False,189.5,106.9,2024-10-06
fa34eaab-2745-4e53-8db2-21ef2d15075f,46-60,52,98,Female,South,Former Smoker,Rarely,26.8,140.8,False,True,203.4,102.7,2026-03-23
9ebf1f36-6472-497a-bbac-27f81e7a0cc0,60+,69,48,Male,East,Non-Smoker,Never,32.4,150.7,False,False,216.5,111.9,2026-02-05
77677f84-162e-4096-8c50-f0e00f49e35f,60+,62,82,Female,South,Former Smoker,Daily,22.4,125.5,False,False,233.3,124.1,2025-10-22
c7b5a12d-3161-4002-9952-48ef2565ed49,36-45,36,100,Male,North,Smoker,Daily,20.4,128.6,False,False,195.4,96.7,2025-05-17
84954c9a-3e6a-4c05-819b-ae74fe4bac66,36-45,38,81,Male,North,Non-Smoker,Daily,24.0,111.8,True,False,196.4,97.1,2026-03-12
56800bea-1381-4492-ae99-962322e474b2,46-60,56,84,Female,East,Non-Smoker,Never,25.7,126.5,False,True,220.5,129.5,2025-12-04
dfbe6921-0bb2-488f-931b-f079082980f2,60+,62,52,Male,East,Non-Smoker,Weekly,29.7,129.4,False,False,220.1,111.8,2024-09-05
cb9f24ab-3d55-41bf-aad3-1bcdf47890d8,26-35,35,72,Female,West,Smoker,Daily,30.3,134.9,False,True,211.2,105.0,2024-06-30
70e8e134-db02-4c70-9512-ba4de5f843ef,46-60,46,83,Female,East,Non-Smoker,Never,30.7,111.1,True,False,234.2,124.4,2026-04-06
c9b5a167-5ce4-4e54-80a6-ee731f73e899,46-60,46,79,Male,North,Smoker,Rarely,21.4,134.5,True,False,196.6,114.4,2025-05-29
072464fc-3918-40aa-bf2b-00092c20bcc1,36-45,38,65,Female,East,Former Smoker,Weekly,25.3,110.3,False,True,188.0,106.5,2024-08-21
3ac2cd6c-a519-465d-bc04-2646d4835667,26-35,26,72,Female,East,Non-Smoker,Daily,24.9,134.7,False,False,159.2,92.6,2026-03-26
a105376e-b477-442c-9a81-e2ffeba98cbc,60+,65,78,Female,West,Smoker,Daily,24.9,140.3,False,True,210.9,124.4,2025-12-20
7d35b4d9-c256-4220-b055-d952ce255dfe,18-25,18,55,Male,North,Non-Smoker,Weekly,31.2,131.2,False,True,192.9,117.0,2025-05-10
6ee7f365-eaf7-4cd6-8182-6961acb5b8d5,60+,65,74,Female,West,Smoker,Rarely,25.9,143.8,False,True,196.7,124.0,2024-07-04
6690d7c2-2204-49b6-a6ef-c69dee18b3b5,36-45,43,103,Male,East,Smoker,Daily,25.6,128.5,True,True,217.0,107.1,2025-11-25
de539c2f-454d-4cd5-804d-f9c083565031,46-60,54,73,Male,East,Former Smoker,Rarely,28.8,128.3,False,False,212.0,123.0,2024-10-11
4072e286-d53b-49da-9679-f9692172cc6a,26-35,30,76,Male,East,Non-Smoker,Weekly,28.6,127.0,False,False,194.6,97.9,2026-04-05
94fadb6e-d1ab-4faa-b975-db3c39717e76,60+,61,57,Male,South,Smoker,Rarely,26.7,152.0,True,True,229.2,110.7,2025-11-06
a0206cc1-43f9-4e2e-b19e-d6c304e6558a,46-60,52,52,Female,North,Former Smoker,Daily,30.4,150.4,False,True,221.7,120.1,2025-12-07
303d3684-e147-40ed-a3ed-7ea9d3ca5af4,36-45,44,55,Male,West,Former Smoker,Daily,27.1,145.3,False,True,193.1,125.1,2025-04-18
5f988a44-8f89-453e-97b3-1b8051c3c7c7,60+,63,99,Female,West,Smoker,Weekly,22.4,140.5,False,True,271.3,135.9,2025-02-28
329df54a-93a4-4571-af61-05bffee104b4,36-45,40,95,Male,East,Non-Smoker,Rarely,17.5,157.4,False,False,215.1,111.3,2024-07-14
625b4e17-7ef4-4eb9-983b-135a1d6639f3,60+,65,103,Male,North,Former Smoker,Rarely,20.5,145.6,True,True,232.1,125.4,2025-02-09
5f0eef2b-2f4d-495e-b66d-b48cfe126dde,26-35,33,85,Female,East,Non-Smoker,Never,26.3,134.0,False,False,228.7,108.6,2026-04-03
fe5948d3-e35f-4c86-885b-186bbffae93a,46-60,52,109,Female,North,Former Smoker,Daily,29.8,135.9,False,True,198.4,122.5,2024-08-03
1248d2bb-3db8-4b5f-bd4b-7b1800ee56a3,46-60,57,107,Female,East,Former Smoker,Daily,27.9,137.7,False,False,195.0,133.1,2024-09-15
2945b2c3-e3f7-49ca-8dd8-a8fa235d7e10,18-25,21,89,Female,South,Non-Smoker,Daily,25.2,112.9,False,False,193.2,109.6,2025-04-07
b3c7f36d-d814-4d81-8142-54cbd8289076,26-35,33,100,Male,East,Non-Smoker,Never,25.5,107.0,False,False,194.2,121.9,2026-01-09
8c96a64d-f49a-488d-b8b5-d45ff78cb75c,36-45,40,109,Male,North,Former Smoker,Weekly,29.3,124.1,False,False,205.2,114.2,2024-12-02
849172b3-f5d4-4c15-b979-b236708cde4a,36-45,36,96,Female,West,Non-Smoker,Weekly,13.9,126.2,False,False,217.7,93.4,2024-08-09
8c0f68dc-6f4e-4ef6-84b7-e665fa2ffd83,60+,69,52,Female,West,Non-Smoker,Rarely,28.1,120.2,True,False,232.5,136.7,2025-03-31
dedf4fd2-3290-4cb0-919f-2611af3eb3a0,46-60,58,94,Female,North,Non-Smoker,Weekly,23.5,133.4,False,False,231.3,106.0,2026-05-01
fe61e504-c528-4048-8827-cf48f71d45c7,46-60,46,59,Male,North,Former Smoker,Rarely,25.3,129.9,False,False,203.1,124.3,2026-04-21
831b8f4d-3be6-4d13-9e5d-2d758454bd1b,26-35,29,91,Male,North,Non-Smoker,Daily,29.0,122.7,False,False,194.0,107.5,2024-10-01
65b7ae71-cc67-4d58-90c4-442625874fbf,36-45,41,56,Male,South,Non-Smoker,Daily,26.4,128.4,False,False,212.8,108.6,2025-04-25
a9d776fa-f87b-4618-bbfb-58654bfcbfd6,36-45,45,57,Female,North,Former Smoker,Daily,22.0,127.4,False,False,239.4,103.2,2024-06-13
1b422dbb-b657-4a6f-b420-a232871020df,26-35,26,89,Male,South,Non-Smoker,Daily,30.2,119.6,True,False,203.1,89.5,2024-12-07
eca13cec-bbb2-4748-aa38-3239e9269238,26-35,35,57,Male,North,Non-Smoker,Weekly,24.6,143.6,False,True,205.6,129.7,2025-11-12
cb193985-c9f0-4fa2-b08f-1369ae616228,60+,64,61,Female,South,Former Smoker,Never,25.1,125.7,False,False,218.0,118.1,2025-07-28
454a4ea6-35ec-4585-ad6e-b346c15732c3,46-60,53,102,Female,East,Smoker,Weekly,31.6,130.7,True,True,207.0,119.4,2025-05-15
b228d8e2-d33d-47f5-b4df-7ef73f0395f5,18-25,23,101,Female,West,Non-Smoker,Never,21.2,106.4,False,False,231.4,113.3,2026-02-08
18b067f3-8bef-497d-a035-e583a158aba5,26-35,30,103,Female,West,Former Smoker,Rarely,26.7,124.4,False,False,204.2,107.2,2025-09-06
0050e6ee-eea1-4eee-9118-f6e4edf7cd54,46-60,51,53,Male,North,Non-Smoker,Never,25.3,147.0,True,False,211.0,119.0,2026-03-09
b292f682-a65c-4610-81e3-6f320ad5950e,26-35,32,101,Female,North,Non-Smoker,Weekly,23.3,129.1,False,False,176.5,91.9,2025-08-14
07013ed0-6970-4705-ac80-6978f01f8438,26-35,30,93,Male,West,Former Smoker,Weekly,20.8,137.8,False,False,192.7,77.5,2025-09-05
1d7df280-99a8-4094-bece-70cac42ebe61,60+,64,98,Male,South,Smoker,Weekly,30.5,151.7,False,True,186.2,124.8,2025-04-16
783c1439-7063-43dd-898a-99b2620c4705,36-45,38,90,Male,East,Former Smoker,Weekly,28.6,127.0,False,False,224.5,111.7,2025-04-29
fcba4275-4255-46de-b87d-df46a1f00e78,18-25,25,92,Female,West,Smoker,Rarely,24.3,130.9,False,True,196.0,107.5,2025-01-24
c3086d0f-03aa-4d64-bbf4-557a95717dd9,26-35,28,78,Male,West,Non-Smoker,Daily,22.7,134.4,False,False,205.0,111.9,2025-10-11
154b2a88-2330-42e7-be71-996f7afe879c,46-60,53,88,Male,North,Smoker,Weekly,31.6,148.0,True,True,200.8,135.5,2026-03-17
16d1b4e8-be83-4319-9d77-6f601341dbcd,36-45,45,92,Male,South,Smoker,Daily,21.0,139.0,False,False,195.9,90.6,2025-07-24
b70f7413-997b-435c-b209-2a8f5b850c4c,60+,61,45,Female,North,Non-Smoker,Daily,24.6,127.9,False,False,261.7,115.9,2025-08-26
1e2dd744-0425-47e8-87af-a2af23d6d4fe,36-45,37,97,Male,South,Non-Smoker,Never,18.5,134.9,False,False,186.1,119.7,2024-08-11
1d4640ae-dbbc-4dee-aacb-fcac1f94d99a,18-25,18,55,Female,East,Smoker,Daily,24.4,129.1,False,False,223.1,100.6,2024-12-22
659e5a09-0da0-46aa-b7cd-47772e2e9c03,36-45,36,48,Male,South,Smoker,Never,29.5,127.9,False,False,172.6,107.8,2025-12-13
a9306937-b05f-406d-be5e-33103b4159ba,46-60,46,59,Male,North,Smoker,Daily,29.0,117.1,True,False,232.9,107.5,2025-12-21
8c237cbe-026c-437f-82a6-f5978008ffe8,46-60,57,78,Male,North,Smoker,Rarely,29.6,145.2,False,False,210.9,128.5,2024-08-21
3f6ee0c4-e881-4f5b-84fa-d3177d3ec623,46-60,58,51,Male,South,Smoker,Daily,28.8,112.6,True,False,194.2,107.8,2026-05-10
bf25bb6f-2926-43c1-abc8-460a3c070b38,60+,68,85,Male,North,Smoker,Rarely,23.6,132.5,False,False,237.9,127.5,2025-08-01
23602e75-e731-46ff-bc93-c9cf0b536e29,46-60,54,83,Female,West,Non-Smoker,Weekly,24.1,136.2,False,False,241.6,91.2,2025-11-25
c6bb03cf-8e4e-44c7-93f4-9d2011d70aad,60+,66,53,Male,East,Non-Smoker,Never,32.0,131.4,True,True,187.8,134.9,2025-08-22
3615a85e-f2e9-431e-b48c-937496953e0b,36-45,42,59,Female,East,Smoker,Rarely,31.8,134.9,False,True,199.7,114.3,2026-05-09
010c1ca1-0922-4bdb-833d-59a7aadde71e,46-60,56,50,Female,West,Former Smoker,Daily,25.2,131.7,True,True,222.4,129.7,2025-08-05
657ed8af-94d2-4755-bfae-6d78e85d536b,26-35,29,76,Female,West,Non-Smoker,Never,32.5,100.2,False,False,191.5,103.4,2026-05-02
fdd89a2d-f946-4922-a757-83a77c8c56b0,60+,69,103,Male,East,Smoker,Weekly,27.9,155.1,False,True,231.4,125.2,2026-04-01
e5afc2dc-fcbb-4e07-8ffb-b4c5d6a697d8,36-45,36,106,Male,East,Non-Smoker,Never,25.3,104.9,False,False,210.0,103.5,2026-01-08
a417006a-327e-4f65-9e7a-7da9945de40a,36-45,42,51,Female,West,Smoker,Rarely,21.5,121.7,False,False,229.4,114.9,2025-12-10
5cbd6ffa-0401-4a7b-8e3d-4929a7708b95,36-45,36,97,Male,North,Non-Smoker,Rarely,23.3,119.4,False,True,215.1,105.9,2025-12-13
4a33f222-aaac-4d23-a712-2b3271c6b4bd,18-25,22,63,Female,North,Non-Smoker,Rarely,23.3,117.3,False,False,190.1,92.8,2025-05-24
7448808b-76a5-4dae-906f-accec6512dd9,18-25,21,98,Male,West,Former Smoker,Never,28.8,127.0,False,False,173.3,86.1,2026-05-20
537eb895-d1b6-4b3f-84df-87fb341e8155,26-35,27,102,Male,West,Former Smoker,Weekly,25.9,118.1,False,False,169.4,107.1,2025-11-12
c5c45a36-efd1-47d0-9607-3791c086d66e,36-45,37,79,Female,South,Non-Smoker,Never,21.6,108.2,False,False,239.6,115.8,2026-01-27
3dc5449c-79c5-45cd-90f2-f147ca19a325,36-45,43,74,Male,South,Non-Smoker,Weekly,25.7,129.1,True,False,229.6,126.7,2024-06-16
8edf4307-9252-4b41-a8cb-0761086c2195,60+,65,70,Male,South,Non-Smoker,Daily,19.4,137.7,True,True,214.7,126.7,2025-11-30
e8297350-44df-4062-823a-22952aec753b,36-45,39,51,Male,North,Non-Smoker,Never,24.0,124.2,False,False,218.6,131.4,2026-01-12
1b00fa07-e274-4c81-a625-acf9e6ecea6b,46-60,49,69,Female,East,Non-Smoker,Rarely,25.9,127.9,True,False,210.5,134.7,2024-10-25
2f0a9910-d039-464f-b667-cc6fa42be21c,36-45,44,84,Male,North,Smoker,Daily,33.0,146.4,False,True,213.6,120.5,2025-01-14
96550438-bab5-44c4-b8c0-bff31f9d1441,60+,64,60,Female,South,Smoker,Never,22.1,121.8,True,False,233.8,117.0,2025-10-26
47a2ae50-789f-4818-b456-f95ea9efc721,36-45,36,52,Male,South,Non-Smoker,Weekly,29.7,117.5,False,False,174.1,102.9,2025-01-12
1ef7891a-9878-4d91-8032-37810e60f2dd,46-60,60,100,Male,North,Non-Smoker,Weekly,22.9,120.2,False,False,189.2,130.4,2025-04-07
e8c6ec3c-8e1e-4137-8af2-75b7e7181e99,46-60,55,107,Female,West,Non-Smoker,Rarely,34.0,124.3,False,True,187.2,123.9,2025-10-16
f561979c-4532-4c13-9763-d99e2e27043e,36-45,39,99,Male,South,Non-Smoker,Weekly,25.9,118.7,False,False,178.3,121.7,2025-01-25
6cb7f499-7132-4676-83e1-62f9faca59cd,46-60,55,91,Female,East,Smoker,Rarely,32.0,137.9,False,False,210.9,129.2,2025-02-06
cd0b7cc8-0a6f-4f8c-a990-d6aca5045251,46-60,59,99,Female,West,Non-Smoker,Rarely,20.6,120.4,False,False,212.9,124.4,2025-10-28
b0612553-27e7-4751-b747-a4c139c48580,46-60,59,50,Male,North,Non-Smoker,Rarely,22.4,125.9,False,False,221.6,87.2,2025-02-26
5491c24b-e6b8-4897-84ed-61d62d4d9d92,18-25,22,73,Male,North,Non-Smoker,Rarely,26.7,120.4,False,False,204.3,87.2,2026-05-26
5a354279-49ef-444d-82db-0c1e9e04f088,60+,64,62,Female,South,Non-Smoker,Weekly,32.4,130.9,False,False,204.2,103.1,2025-12-07
eee1d031-5bcc-4f6a-8601-54f7380aeacc,60+,68,63,Female,East,Smoker,Weekly,35.7,146.5,True,True,223.1,130.7,2026-02-03
1a620b00-a3f0-47d5-bf3c-96363c1fb2a4,26-35,26,109,Male,South,Non-Smoker,Weekly,31.4,97.1,False,False,215.9,99.4,2025-08-31
13502063-c361-4d94-b567-bd862788f1ec,46-60,51,83,Female,West,Smoker,Weekly,26.5,138.4,False,False,190.3,116.0,2025-03-25
b2baadcd-dbed-485b-95d3-44c7be55595d,36-45,43,61,Male,North,Former Smoker,Rarely,26.2,112.7,False,True,258.2,94.8,2026-02-20
d9120955-d0a4-4e18-9dd5-b966f7a5f92f,46-60,60,85,Male,West,Non-Smoker,Rarely,27.1,151.6,False,False,221.3,92.9,2024-11-10
32fa5374-75b2-4fd9-9ead-ab5e39b68f24,46-60,46,95,Female,West,Smoker,Weekly,22.8,132.8,False,False,224.6,79.3,2025-07-31
ef8b9859-57a4-4185-8b58-7c82a59251e6,46-60,53,64,Female,North,Former Smoker,Rarely,27.4,131.5,False,False,210.5,107.9,2025-10-31
f7df50ea-e50d-4472-970e-5d8650b7a763,18-25,20,74,Male,South,Non-Smoker,Weekly,23.5,116.2,False,False,184.2,115.8,2026-01-05
febdb760-03ba-4dae-8f26-4f48837ee00e,46-60,48,102,Male,West,Former Smoker,Daily,27.1,144.3,True,False,235.6,97.1,2024-06-12
e78ff035-8d67-4d40-852e-5fc6dde590f4,60+,69,53,Male,West,Smoker,Weekly,30.3,157.9,False,True,228.5,127.8,2024-08-17
90fd6006-859e-460c-8a41-2391c5390445,36-45,40,106,Female,West,Non-Smoker,Weekly,31.9,122.4,False,False,236.8,100.2,2026-03-04
0fcbb230-9446-48fa-a23c-057b9cf95091,26-35,33,54,Female,East,Smoker,Rarely,21.6,120.4,False,False,241.3,127.8,2025-05-21
23746b28-595e-4cf6-8e45-2994ba9d0edf,60+,67,82,Male,East,Non-Smoker,Rarely,28.0,147.1,False,True,223.6,131.8,2025-12-17
a3a0b6b4-18fc-4cf5-880a-9c29b99c13d7,18-25,18,51,Female,South,Non-Smoker,Rarely,25.4,130.1,False,False,203.1,106.9,2025-06-29
b0d100b2-6ed4-49c8-b49c-6719d02de8e6,46-60,49,107,Female,South,Non-Smoker,Daily,22.2,143.9,False,True,202.7,121.9,2024-07-02
70b4332d-1a2a-4597-a568-e8f430a52f0b,18-25,22,73,Male,West,Non-Smoker,Daily,27.5,123.5,False,False,199.9,105.7,2026-01-31
2006224f-a86d-4018-bc5a-85b17782626f,26-35,28,79,Female,East,Former Smoker,Rarely,35.8,109.4,False,False,190.9,120.5,2024-10-10
e5658a19-9076-4ec1-a746-fa018ca37796,46-60,47,93,Female,West,Non-Smoker,Never,21.2,135.7,True,False,208.9,96.9,2025-02-26
8db82aa4-3ee8-471b-998a-e524fc0c02dc,46-60,52,73,Male,East,Former Smoker,Rarely,19.0,115.5,False,True,194.4,122.1,2026-03-12
74da8393-3fd7-497d-890a-1d01128139d3,36-45,42,107,Male,North,Smoker,Rarely,28.8,133.4,False,False,199.2,67.1,2025-06-16
3cd7bc4f-13d4-417b-adb6-b30f8aa09663,60+,66,71,Male,South,Non-Smoker,Weekly,26.0,143.6,False,False,209.2,125.3,2025-11-13
dd3e3e41-05f9-4bc4-95bd-520ac98fbf82,36-45,42,59,Female,West,Non-Smoker,Weekly,23.0,121.9,False,False,244.9,103.0,2024-06-12
a0ed0cea-c1ba-45be-bcf2-e4a02bd119fb,46-60,46,56,Female,South,Former Smoker,Never,26.7,124.4,True,True,208.5,121.4,2025-09-12
3426ea72-e883-47a3-87cc-657ffd373106,36-45,43,70,Male,West,Non-Smoker,Never,27.0,115.7,False,False,196.5,109.2,2026-05-16
f3ee524b-26d0-465d-9494-42dc11470822,18-25,25,90,Female,East,Smoker,Rarely,26.7,123.9,False,False,203.8,102.5,2024-12-05
7fca5ca4-8fcb-4333-8761-44cce157f7a3,60+,65,81,Female,North,Non-Smoker,Rarely,27.0,137.9,True,True,251.5,143.6,2025-06-06
a9ad7c96-b2b0-4987-b338-46cd79b4c98d,26-35,32,93,Male,West,Former Smoker,Weekly,25.3,118.0,True,False,185.9,103.3,2025-09-06
c70eaeec-2f63-49f1-bfe0-77853870d864,60+,61,59,Male,West,Smoker,Rarely,23.3,139.0,False,True,208.4,113.2,2024-10-17
3eaca313-98a0-4a32-b315-422872e3a72d,18-25,25,70,Female,West,Smoker,Rarely,20.3,112.0,False,False,212.0,125.0,2025-11-07
d7331185-f282-4c53-967a-e83951b0ea28,18-25,22,104,Female,East,Non-Smoker,Daily,23.2,128.9,False,True,199.5,100.4,2025-03-19
00cef182-cad8-4287-b7fb-228c4cd5da2e,46-60,59,92,Female,East,Former Smoker,Never,25.5,127.2,False,False,225.0,125.0,2024-08-27
deb43e91-862f-4e36-b4b3-6112e3edb910,26-35,32,107,Female,West,Smoker,Weekly,26.7,117.4,False,False,190.7,121.5,2024-11-26
07bde1f9-f2b5-4f9e-8bfe-89c29df250f1,46-60,52,57,Male,North,Non-Smoker,Daily,27.5,123.7,False,False,216.4,97.2,2025-03-23
4c2acb0d-4362-455a-bd79-25863ea1a668,36-45,43,103,Female,East,Former Smoker,Weekly,27.6,126.4,False,False,201.5,114.9,2025-11-15
2995b4d1-de9e-4421-92b2-651dc2896800,18-25,20,106,Male,South,Smoker,Weekly,27.8,118.7,False,False,185.9,111.1,2024-08-07
0e8c404b-139b-42e1-93cb-2c60981b1089,46-60,48,89,Male,South,Non-Smoker,Weekly,35.9,151.9,False,False,205.9,106.0,2024-12-26
dbed1db9-8d17-4533-83ac-948f17c3ca59,26-35,34,67,Female,West,Smoker,Never,17.7,122.8,True,False,215.2,122.0,2026-04-25
d1fa305e-4e55-44e0-a218-2b445c99ee02,18-25,19,57,Male,North,Non-Smoker,Weekly,33.5,118.8,False,False,179.4,82.8,2025-09-15
7c0833a2-b049-4d3f-a9e3-4e32ae9e3057,46-60,57,96,Female,North,Smoker,Daily,24.5,158.1,False,True,238.2,115.2,2025-10-21
f7064e43-988e-45bc-84d3-498810c0aabd,18-25,18,101,Female,West,Non-Smoker,Rarely,22.9,124.1,False,False,182.5,82.0,2025-09-24
fd2b6c47-47ea-490b-a346-815c0d92508a,46-60,57,84,Male,West,Smoker,Weekly,26.4,131.4,False,True,185.5,102.6,2025-07-21
c30842b9-6c3f-4987-880f-c6fed07d16c1,60+,62,93,Male,East,Former Smoker,Weekly,32.1,136.2,True,False,227.3,123.9,2026-02-20
930e1734-6f1a-4992-94bf-7e15eef6fee1,36-45,45,81,Male,West,Non-Smoker,Never,21.6,133.5,False,False,220.5,108.8,2025-05-08
7c968112-a88b-4cdf-ad2f-42ae775a7ae8,46-60,53,100,Male,West,Former Smoker,Daily,29.5,145.9,False,True,218.4,116.9,2026-03-22
b58d37eb-2bf3-4eb7-82dd-4865d6567a96,36-45,41,78,Male,South,Non-Smoker,Never,21.6,129.4,False,False,246.1,104.9,2025-06-29
ce0cfad6-a676-4c62-ab24-a93823196615,36-45,43,71,Female,North,Non-Smoker,Rarely,22.8,121.6,False,False,227.9,109.8,2026-03-04
34251ac7-e290-4e71-b3a9-bea0df2bab19,60+,61,92,Male,West,Non-Smoker,Daily,29.7,132.0,False,False,250.0,114.0,2024-10-01
579b429c-1572-447a-85d3-269e82de5ec3,18-25,20,82,Male,East,Non-Smoker,Weekly,30.9,115.4,True,False,207.6,75.6,2025-02-09
0b6e8713-aeab-4b9a-a4a6-fcea268ef2eb,60+,63,91,Male,West,Non-Smoker,Rarely,18.8,148.9,False,True,256.0,133.6,2026-01-22
2b9ee7cb-3299-4842-ade7-b5880b0cec65,18-25,20,108,Male,South,Non-Smoker,Daily,28.7,118.9,True,False,187.8,90.4,2025-01-20
9a106512-f61a-425e-863e-ad292ed7ff99,60+,62,95,Female,East,Non-Smoker,Never,27.3,132.6,False,False,225.9,116.2,2024-06-07
ad09d451-5fc9-4e43-add4-57309b5249f2,26-35,30,102,Male,West,Non-Smoker,Rarely,27.3,120.4,False,False,198.5,98.0,2024-12-04
20fa9508-3d6a-415b-82f5-d6ea5d6631d3,36-45,39,65,Male,North,Smoker,Weekly,20.3,137.1,False,False,160.1,104.6,2024-09-06
00ed9975-4dc6-43ba-a1fa-2551d02083b8,18-25,25,89,Female,East,Smoker,Weekly,26.3,118.7,True,False,189.0,98.5,2026-05-11
e718936a-2832-412c-b7da-ba01f5232f03,26-35,32,50,Male,South,Former Smoker,Weekly,22.8,100.4,False,False,205.9,135.4,2026-04-19
928575a5-6b16-4630-8815-31796a7c717e,36-45,43,48,Male,North,Former Smoker,Weekly,21.6,119.0,False,False,197.0,119.7,2025-06-12
c921aaa8-5755-4246-aa10-8c48b5f16bf7,60+,61,63,Female,West,Smoker,Rarely,28.4,141.0,False,True,239.8,115.5,2025-01-10
809279a5-0442-4e3c-89e4-f91da3b63be7,46-60,57,80,Male,South,Non-Smoker,Weekly,29.6,131.4,False,False,179.0,123.0,2026-05-23
6f4a3dee-f2f8-4dfe-a603-70a1fcaadf3f,26-35,32,89,Female,West,Non-Smoker,Never,24.5,119.3,False,True,202.3,121.3,2026-02-14
0b4da64a-31d1-4d34-87e3-522798dc4ec5,18-25,25,101,Female,East,Non-Smoker,Weekly,27.4,117.4,False,False,199.0,127.0,2025-12-28
53a0a8e3-be00-4d3e-950c-9100af91ce06,18-25,22,50,Female,South,Non-Smoker,Daily,21.3,97.6,False,False,153.9,84.2,2025-12-18
c01a7148-c2a7-4743-8d8a-8318a7e4745b,36-45,40,50,Female,West,Non-Smoker,Rarely,19.7,121.9,False,False,229.0,113.4,2025-11-10
0640f340-1a6f-46c4-8797-861b910d7e8c,46-60,60,79,Female,North,Former Smoker,Never,25.6,138.2,False,False,245.8,98.0,2024-07-24
4bd6780c-c07a-42ea-924f-bc8f2a72e892,26-35,30,67,Female,East,Former Smoker,Daily,26.3,118.6,False,False,183.7,89.6,2026-05-22
197711a1-a24b-46ed-ba68-bdfdc861884d,36-45,40,102,Female,East,Non-Smoker,Rarely,24.7,122.6,False,False,181.3,115.2,2026-02-12
3de03850-2bb2-4b06-9e65-a2e0b24959dc,46-60,52,86,Female,South,Smoker,Rarely,21.7,126.9,True,True,212.9,108.2,2025-01-11
7383e37b-fab6-48c4-8a2f-469c85d593df,26-35,35,104,Male,West,Former Smoker,Rarely,23.2,134.5,False,False,249.6,127.0,2025-02-27
5125d48c-ae4c-45e3-87e8-99ecc5e78113,18-25,25,87,Male,East,Former Smoker,Daily,29.4,98.7,True,False,172.4,89.6,2024-09-13
73913c8a-836e-4c33-80e7-314db7517d47,18-25,25,74,Male,West,Former Smoker,Weekly,25.6,111.0,False,False,136.9,96.9,2026-01-22
ad72083b-e531-44b0-a487-a49b1b0de155,18-25,20,81,Male,East,Non-Smoker,Never,28.0,136.4,False,False,225.7,105.1,2025-09-13
4d4347c2-98dd-41e5-a7ca-609ce8a81343,46-60,53,63,Male,South,Non-Smoker,Daily,25.7,130.3,False,False,185.9,98.0,2025-01-16
7cfcd756-3cf0-48c6-9386-571ac23d1a69,60+,64,101,Female,North,Smoker,Never,24.1,126.3,True,False,210.9,139.7,2026-04-02
5d3bb599-32f1-4a6d-8d14-37ad6d18836b,36-45,37,86,Male,South,Non-Smoker,Rarely,22.7,125.5,True,False,214.3,125.2,2026-02-16
3cdca2bc-e68c-43af-b5fa-e6e81ba3db49,36-45,38,46,Female,West,Former Smoker,Never,24.9,106.9,False,False,225.7,112.1,2025-08-10
90928ac2-fd2d-4558-aedd-7c8ac9930bd0,60+,63,70,Male,South,Smoker,Never,19.3,134.9,True,True,231.1,110.6,2024-09-28
892583a7-1526-4ec4-86fb-44e3c8c7494b,18-25,19,56,Male,South,Non-Smoker,Rarely,23.1,117.8,False,True,224.7,122.3,2024-12-30
f0c6a637-41da-497f-9008-e692bec8b265,26-35,33,86,Male,North,Smoker,Weekly,28.7,127.6,False,False,205.5,91.7,2026-01-15
0a5cbe31-d654-4a62-ad3a-8b845c897bd8,36-45,37,54,Female,North,Non-Smoker,Weekly,27.5,112.5,False,False,201.0,126.9,2025-05-25
cca1aa97-87d6-4fb9-9198-9fe713aa3c50,18-25,19,73,Male,West,Non-Smoker,Daily,20.9,119.5,False,False,223.8,128.8,2026-05-29
6db954ef-25ee-4033-b36e-145758820faf,36-45,41,102,Female,South,Non-Smoker,Never,30.9,128.1,True,False,222.2,121.0,2024-12-09
0217f2a9-c3da-419e-b508-4126d1ebb3ba,46-60,53,67,Female,North,Non-Smoker,Rarely,29.5,126.2,False,False,195.8,110.9,2025-05-31
fa76d781-dae5-45fb-89da-a27fdb9b8b11,46-60,56,90,Female,East,Smoker,Never,22.4,149.1,False,True,212.1,129.9,2025-09-13
ac6e993e-ea50-4cb6-9c3f-5a2148a127e0,60+,61,87,Male,North,Non-Smoker,Rarely,25.1,125.7,False,False,228.3,91.9,2024-12-29
bc47a44e-1c53-43f4-82ca-c6380e1ab3ca,60+,63,73,Female,East,Smoker,Daily,30.7,141.5,False,True,249.0,105.2,2024-12-14
dbabcac3-3ab2-47ad-b196-4561d0873ba0,18-25,22,83,Male,South,Non-Smoker,Never,24.7,116.7,False,True,177.3,98.2,2025-12-07
0fe00f99-44b1-45d6-8aaa-329338c847cf,26-35,33,73,Female,South,Former Smoker,Never,31.1,126.6,False,False,184.0,100.5,2024-06-26
946516c4-d5a6-4760-904f-0fbe901009f8,18-25,20,83,Female,East,Non-Smoker,Weekly,22.8,121.5,False,False,205.6,116.5,2025-12-16
5c0e860e-a3a8-489c-9856-7638157867f6,36-45,39,86,Female,West,Non-Smoker,Rarely,31.8,125.2,True,False,254.5,99.9,2024-07-18
56d75559-9111-42e0-80bf-6dba3c840fed,36-45,45,99,Female,East,Non-Smoker,Weekly,30.1,132.7,False,False,214.6,109.8,2025-03-10
bb6e55a9-1b29-4ca6-abd0-cf5156308103,46-60,51,109,Male,West,Non-Smoker,Never,21.6,138.7,False,False,242.4,124.1,2025-05-22
2cf79b94-d7d7-4c75-953d-c1abc9b29c2b,18-25,24,87,Male,North,Non-Smoker,Daily,20.5,118.1,False,False,173.9,120.5,2025-01-10
bb34089e-dcd6-4cc3-9595-f3253573b809,18-25,21,89,Male,South,Non-Smoker,Never,24.9,134.3,False,False,156.1,114.7,2024-12-30
1110b48b-da30-45c7-8370-09cf33e135c1,36-45,42,61,Male,West,Smoker,Weekly,26.3,110.5,True,False,182.1,85.7,2026-05-07
96999a57-579b-4ad0-83c3-1950eb8cbc5d,26-35,32,108,Male,North,Non-Smoker,Weekly,32.1,137.6,False,False,186.2,112.2,2025-12-23
8f0ecb6b-65af-4a46-b57f-f8c31a83c416,60+,66,96,Male,North,Smoker,Never,35.8,136.0,False,False,197.2,117.6,2025-03-03
54cb8c04-6f69-457a-89d2-816ed5a4c116,26-35,34,105,Male,West,Non-Smoker,Daily,22.0,130.5,True,False,183.3,91.6,2026-01-22
4c8139e6-3ccb-48ef-875b-2b80f2a51f68,60+,69,60,Male,East,Smoker,Rarely,29.4,144.0,False,True,260.9,103.7,2025-12-26
a3d610e8-22f6-480e-a9b2-743349730d55,26-35,34,66,Male,South,Non-Smoker,Never,24.7,103.8,False,False,195.8,117.3,2025-05-05
79d67c8d-bd33-4069-bb03-fc5e8a45b28a,36-45,43,62,Male,South,Smoker,Daily,28.2,124.1,True,False,213.8,104.2,2025-10-08
3b053f45-d1c8-4ccf-8fb9-8a5bc1c9f6a2,46-60,47,96,Male,North,Smoker,Never,23.6,142.2,True,True,210.8,104.7,2024-11-24
d6bce4cc-5528-42f7-872d-1e6949560ee7,46-60,60,55,Female,East,Non-Smoker,Weekly,27.5,136.3,False,True,216.5,94.0,2024-07-20
77a1ffb9-9781-4316-8db5-85a981397529,36-45,41,99,Male,West,Non-Smoker,Rarely,27.8,137.4,False,False,250.0,123.8,2026-03-24
7dbc4530-9cae-4f16-8b7e-ef2d3e2a8efb,36-45,45,86,Male,West,Smoker,Rarely,24.4,132.8,False,False,220.9,95.4,2024-06-23
1b02aec7-e228-4747-ba08-a4ef1f33df11,26-35,32,82,Male,North,Non-Smoker,Rarely,22.6,130.9,False,False,192.3,114.6,2025-04-01
cb828467-6cac-451f-9db4-5204e83db5c2,36-45,37,59,Male,South,Non-Smoker,Weekly,30.2,152.3,False,True,205.7,88.4,2024-12-18
7a4f1978-722d-4d01-8d7c-41430b9ad8a4,46-60,54,94,Female,North,Non-Smoker,Daily,29.6,114.3,False,False,225.3,128.2,2025-07-08
7a7e7d65-faa4-41e4-8d10-19b29b38ebaf,26-35,31,72,Female,East,Smoker,Never,27.3,128.7,True,False,221.6,94.6,2025-10-22
aa07bcce-a130-4f2f-9bd2-b095f93e5c50,26-35,26,89,Male,North,Non-Smoker,Daily,26.4,125.5,False,False,198.4,95.1,2025-12-09
45bc9acb-def5-4368-874c-ad942226c29b,26-35,35,99,Male,East,Non-Smoker,Rarely,20.4,150.5,False,True,224.9,90.8,2025-06-05
cb3d2083-3248-4092-a03b-7df32182f7a7,26-35,31,67,Female,South,Former Smoker,Rarely,24.0,108.7,False,False,223.0,92.3,2025-08-29
03cf4582-ad16-476b-9619-c72949afbd29,36-45,45,81,Female,East,Non-Smoker,Weekly,27.6,105.1,True,False,196.0,143.7,2024-09-14
e2e350dd-6aef-40e2-a11e-2d2a5c9ad20e,46-60,55,104,Male,South,Non-Smoker,Never,26.6,132.1,True,False,240.4,100.0,2025-09-07
58fae609-46b7-4dad-b7ee-9000e0bf64ae,46-60,60,65,Male,East,Non-Smoker,Rarely,28.6,135.3,False,True,194.7,109.3,2025-12-31
7c76013d-b8b2-4800-8bc6-bf82f72c89ee,36-45,41,50,Male,North,Non-Smoker,Daily,25.8,124.8,False,False,232.1,115.2,2025-11-14
956ddc1a-17a5-4080-9f18-6429bbfc7980,36-45,43,61,Female,North,Non-Smoker,Weekly,25.3,116.6,False,False,169.0,111.0,2025-05-13
ce3a9e32-a592-428e-a08c-798063b816a8,46-60,55,68,Male,South,Smoker,Never,23.3,133.9,True,False,169.2,135.4,2025-10-17
77cdea09-0b7a-4d59-8f5a-6c58402e2172,60+,62,60,Female,North,Smoker,Rarely,20.6,148.3,False,True,226.0,139.3,2024-12-25
78505ec2-e30a-4f80-9a53-6a759021aeb7,60+,68,62,Female,North,Smoker,Daily,22.2,137.3,True,False,252.8,149.2,2025-08-16
f94a3304-63a2-41d7-9b59-71065fb982f7,18-25,23,59,Female,East,Non-Smoker,Never,26.3,106.3,False,False,215.2,110.6,2025-05-04
8bd3f855-e425-4649-83c2-d3025374581f,18-25,21,62,Male,South,Smoker,Daily,28.6,104.1,False,False,173.1,115.6,2024-09-28
f3840513-a864-442e-accf-6836f018d5ae,18-25,25,86,Male,West,Non-Smoker,Never,24.4,118.4,False,True,158.7,86.6,2024-12-24
e1420c70-8ef4-4e79-b4a7-b63145c10e97,26-35,26,67,Male,South,Non-Smoker,Weekly,22.8,103.5,False,False,209.5,114.0,2024-08-09
7c510381-08bc-49e7-9770-b6d13e782d16,36-45,42,102,Male,South,Smoker,Rarely,24.4,130.3,True,False,231.0,122.5,2024-10-06
2c4a584a-34fe-43f2-b823-e4192285dcdb,36-45,36,59,Male,West,Non-Smoker,Rarely,26.0,122.2,False,False,190.6,114.1,2025-08-05
8c8be0d8-b888-4598-aebb-a86c75028266,36-45,36,95,Female,South,Former Smoker,Never,20.0,112.8,True,False,194.4,145.6,2024-10-28
dbdcd0a3-11df-4a0d-8c99-d136b511b1e3,26-35,34,73,Female,North,Non-Smoker,Rarely,23.7,127.8,False,False,244.8,107.1,2025-09-01
216df372-ef47-463b-a843-0e664aaa11e2,36-45,43,95,Female,West,Smoker,Daily,24.4,130.5,True,True,183.9,122.8,2024-07-08
d3b107cc-435b-4e1a-aabe-d83f07d4b7ca,18-25,25,73,Male,West,Former Smoker,Never,29.8,113.0,False,False,220.3,124.8,2026-03-30
7c9e04c0-76b3-49b0-8875-102f343420a6,18-25,20,88,Male,North,Smoker,Rarely,26.3,121.5,False,False,195.6,118.4,2025-11-15
ae0f5120-ebad-4b25-a846-386cce0a9963,60+,67,92,Female,East,Non-Smoker,Never,19.0,143.8,False,False,217.2,133.5,2025-10-03
06735e05-5ab2-4d09-8b24-d02e48879a65,26-35,31,67,Female,South,Non-Smoker,Weekly,22.1,136.5,False,False,200.1,108.3,2024-10-13
02fe6ec8-ff9b-4e20-b8a8-cf37e5fc0757,46-60,53,105,Female,West,Smoker,Weekly,29.9,150.7,False,True,210.0,118.5,2025-04-03
52484d1d-5f6b-4f22-8027-d3a08dbcc363,46-60,51,75,Female,North,Non-Smoker,Daily,20.5,117.9,False,False,207.0,113.9,2024-10-25
69f3c1c5-48e5-4ffd-bdd1-9dced4ab679e,26-35,31,60,Female,South,Former Smoker,Never,16.9,143.7,False,False,174.6,70.8,2025-03-18
61ca5304-0f2d-4edc-b7a7-96befef8ceeb,18-25,19,64,Female,West,Former Smoker,Rarely,30.9,125.6,False,False,163.2,93.4,2025-07-29
d03302d2-36fd-4498-88e0-67c14b1e655f,26-35,26,62,Male,North,Non-Smoker,Rarely,18.7,121.5,False,False,175.7,100.3,2024-09-25
805481ff-68fc-41a6-9eb6-5aea75bb98dd,18-25,21,99,Female,West,Smoker,Weekly,26.5,121.2,False,False,187.4,94.8,2024-09-11
04372f4a-ed04-4028-b1b3-5b556946d79a,60+,67,87,Male,North,Smoker,Weekly,25.6,137.3,False,True,226.4,130.0,2025-06-02
bb48fb72-b5dc-4e2f-98b9-ee99c9254cc3,60+,68,51,Female,South,Smoker,Weekly,23.8,142.6,False,True,227.5,127.7,2024-08-31
bb3b25c6-6aa9-423c-be01-52ed8729dc8a,60+,66,86,Male,West,Former Smoker,Rarely,27.2,130.8,False,True,192.8,125.4,2025-09-18
1653e181-c16e-454a-bec4-876a66f7b0a8,36-45,39,73,Male,North,Non-Smoker,Weekly,23.4,109.0,False,False,200.4,104.6,2026-03-31
a3feb95b-f567-418d-b3a0-0871440c5c34,26-35,34,63,Male,West,Non-Smoker,Weekly,29.6,128.2,False,False,204.0,126.5,2025-03-04
4af0f30f-b1ce-441a-896d-f9af631cef60,46-60,54,98,Female,South,Smoker,Never,32.8,134.9,True,False,205.6,117.0,2024-10-13
3af7424f-ce15-4133-9b1e-8576304bd937,36-45,40,60,Male,West,Former Smoker,Rarely,26.3,150.9,False,False,185.3,119.2,2026-04-21
d912c92c-50c0-46d5-b31e-77db1dd06b46,26-35,34,102,Female,East,Non-Smoker,Weekly,28.6,131.7,False,False,188.0,98.7,2025-06-17
148f404e-42dc-4be0-a21c-1c721aea3a5e,36-45,40,101,Male,North,Smoker,Weekly,24.5,129.8,True,False,196.0,114.0,2025-04-23
7f81e8a7-6a67-46d9-b6db-54f485cbd00a,36-45,40,73,Female,North,Non-Smoker,Daily,16.7,102.2,False,False,237.3,113.2,2026-05-06
73632727-f509-441d-a0b4-b0b62910a9f6,46-60,49,74,Female,North,Non-Smoker,Weekly,33.6,136.4,False,False,200.7,91.8,2025-04-14
7c12cedb-facb-4741-ba97-3bd4bbedebe7,60+,68,59,Female,East,Smoker,Never,29.9,128.5,False,False,217.8,102.5,2025-01-08
527a3d65-6cd0-4357-91b5-a850655d5aad,60+,67,104,Female,West,Non-Smoker,Rarely,27.3,113.4,False,True,242.5,127.1,2026-03-12
6cad39f0-366d-464d-b7d5-c02d0db4aa50,36-45,42,61,Female,North,Non-Smoker,Daily,23.6,113.0,True,False,205.1,107.8,2024-12-28
38048417-ee32-43ec-a2bd-16e0cbd6c887,36-45,41,61,Female,South,Non-Smoker,Never,27.3,142.9,False,False,220.7,86.3,2024-08-10
341f5cff-a25c-4e25-a6aa-ab937305bde7,26-35,34,91,Male,West,Non-Smoker,Daily,23.0,135.5,False,False,200.2,77.2,2026-03-08
0efc03c0-6e37-438f-9553-f6c47837b2c9,36-45,45,93,Female,West,Smoker,Daily,27.2,134.8,False,False,170.8,119.7,2024-11-10
05ca23a0-28eb-43b1-9cb2-72c10b550885,26-35,29,96,Female,North,Former Smoker,Weekly,22.8,102.5,False,False,225.3,115.2,2024-11-18
4d5580b5-9ae0-4755-9170-dcb28bbaf189,26-35,33,60,Female,West,Smoker,Daily,24.6,144.4,True,True,245.0,96.3,2025-06-26
5a687063-203a-400d-972f-b5ac5f77a66d,36-45,37,70,Male,North,Smoker,Never,27.2,146.0,False,True,184.5,69.7,2025-01-07
f43e214e-5346-446c-9a5d-ace61e333e8d,26-35,29,65,Female,West,Former Smoker,Never,35.1,128.4,False,False,169.7,86.8,2024-12-16
a3caf3f3-71dc-4ce0-a731-cf8d4e570824,26-35,34,56,Female,South,Former Smoker,Never,21.3,125.3,False,False,201.6,112.8,2024-10-18
178723f9-97a2-467b-a4f3-c6fbd01403a1,46-60,51,96,Male,South,Former Smoker,Weekly,23.4,167.0,True,True,190.1,106.8,2025-12-13
290c99af-5c9f-451b-ad3a-350108417dae,46-60,49,103,Male,East,Former Smoker,Rarely,29.4,125.9,True,False,185.2,110.7,2024-06-13
48b26719-9931-4dbe-bff0-24748d0b08db,36-45,40,82,Female,South,Non-Smoker,Never,26.6,107.7,False,False,186.4,126.2,2024-12-28
581967fb-c9d3-4f2d-8b71-0da66e7b42f9,26-35,31,45,Female,East,Non-Smoker,Never,31.3,123.7,True,False,209.5,92.6,2024-09-10
e8d4e593-f02d-422e-8378-5dc2f315e127,36-45,38,95,Male,East,Non-Smoker,Daily,26.3,126.4,False,False,197.8,146.5,2024-07-09
74abdc79-895c-4e0e-8d6d-d62633b19276,18-25,25,80,Male,South,Smoker,Never,27.7,118.4,False,False,218.3,102.8,2025-01-31
7d38f9f6-70bf-41c0-b7ac-3112101e6042,60+,67,51,Male,North,Smoker,Weekly,18.1,149.3,False,False,178.6,118.7,2025-01-01
33e6824c-d01d-406f-bbb9-a274eebea2cb,18-25,23,101,Female,East,Non-Smoker,Never,25.6,136.2,True,False,223.8,99.5,2026-02-14
06971a11-2841-418a-8b7e-9959277804a1,36-45,45,96,Female,West,Smoker,Weekly,24.0,139.3,True,False,187.3,115.5,2026-03-10
c7aa495d-70f2-4120-8d3a-9f0af2be40d9,46-60,51,77,Male,South,Non-Smoker,Weekly,18.4,118.2,False,False,206.1,102.9,2024-10-24
b51ae577-697b-4e14-9ce3-4d3a1e9a3361,36-45,37,74,Female,North,Non-Smoker,Weekly,32.7,143.2,False,True,205.9,124.4,2025-02-16
3c36c843-8367-4d42-a478-d98e30f3d88c,46-60,50,63,Female,East,Non-Smoker,Rarely,21.7,140.0,False,False,190.7,97.7,2026-01-17
9372b19f-e291-48c4-aebc-22d9f3862d17,36-45,41,47,Female,West,Non-Smoker,Rarely,21.1,128.1,True,False,209.9,104.3,2026-02-17
ee03f399-124e-472b-b49a-f345424bb2b0,18-25,19,51,Female,South,Smoker,Never,25.6,126.5,False,True,185.9,98.1,2025-12-29
ec49a236-94e4-4064-8a59-b9e39174a4f3,26-35,26,97,Female,South,Non-Smoker,Rarely,27.3,128.8,False,False,210.9,119.9,2024-09-06
201c62d2-b506-4753-8f9d-6a5f482de1cc,26-35,32,81,Male,North,Smoker,Daily,25.3,144.0,False,False,175.7,104.4,2024-08-28
aa2a780e-3e6f-4592-bf66-fd675e1ed9ce,36-45,44,53,Female,North,Former Smoker,Weekly,27.6,132.0,False,True,233.4,134.5,2025-09-25
4cb89e92-dcf3-4906-ad69-197bb89faf38,46-60,52,97,Male,East,Smoker,Never,26.7,140.0,False,False,224.6,119.0,2024-09-11
a5bc0d17-3fdb-456b-a81b-aa0bc8d0c4bf,60+,68,95,Female,West,Smoker,Weekly,28.6,150.3,True,True,245.0,116.6,2024-12-21
2d95072f-f28f-4d5b-9071-3bd5bc9c18a3,18-25,20,48,Male,North,Non-Smoker,Rarely,27.8,124.6,False,False,224.6,94.4,2024-11-29
014beba2-527a-4acf-ae9d-cf40c90b4d86,46-60,59,61,Female,East,Former Smoker,Rarely,23.0,123.9,False,False,219.9,135.3,2026-05-12
27bbb6f9-e70c-4727-8775-e018d8b0dc22,46-60,56,46,Male,West,Smoker,Never,30.4,131.4,True,True,208.0,119.5,2026-02-10
f8317386-da7b-4810-a26d-6cace6c7b93d,46-60,48,101,Male,North,Non-Smoker,Rarely,26.6,109.6,False,False,222.7,112.7,2024-09-11
89b85cf7-aa8f-4aec-97ce-e0da39568fba,46-60,47,88,Male,South,Non-Smoker,Rarely,22.9,128.5,False,False,197.3,127.5,2024-10-01
cedf09c1-98fd-4a58-bdb0-08eb32698587,36-45,38,106,Female,West,Smoker,Never,30.6,129.2,True,True,199.7,131.6,2024-08-05
c7daf2eb-b5db-490b-8f7d-4ef654b26d12,18-25,24,86,Male,North,Smoker,Rarely,25.2,117.9,False,True,192.4,116.6,2025-10-20
6d17d7f3-7051-481f-ae23-e64a84db1c2d,46-60,55,74,Male,North,Non-Smoker,Daily,26.8,150.7,True,False,206.0,98.4,2025-12-19
652a97ee-c112-411d-a626-5393aab3937b,46-60,57,54,Male,South,Non-Smoker,Daily,25.4,142.2,False,True,208.1,129.5,2025-02-09
c4af3248-9dee-4cd5-ad24-48b1a4396fd0,36-45,38,65,Female,East,Former Smoker,Weekly,26.3,118.9,False,False,216.6,133.6,2025-08-25
1c447008-1614-4f4a-b650-1fe2e42ce1a1,46-60,59,100,Male,West,Non-Smoker,Rarely,28.0,105.1,False,False,186.2,109.8,2026-01-20
c4fa1f2d-eb27-4990-bf61-f21e21279026,60+,66,63,Male,North,Former Smoker,Rarely,24.7,136.6,False,False,228.5,118.4,2024-09-22
4971b518-885a-42e3-a969-581faeb21188,46-60,57,58,Male,South,Smoker,Weekly,36.0,137.4,True,False,239.9,109.4,2024-09-10
6f400881-c4dc-41df-abbf-42a38b3e2f4f,46-60,52,64,Male,North,Smoker,Daily,26.7,114.8,False,True,194.9,127.6,2025-04-08
2f9264a7-ccd2-488c-90f7-3e4893d1caf1,46-60,49,62,Male,East,Non-Smoker,Daily,14.4,135.5,False,False,230.5,117.5,2024-06-28
61bb3a91-9876-431d-8e69-6f1d6a6c8e8b,46-60,48,95,Male,South,Non-Smoker,Daily,23.0,126.8,False,False,248.0,116.2,2026-04-19
e3b2c413-cd8d-4a10-b04f-a74fb2538162,46-60,56,67,Female,West,Former Smoker,Daily,18.4,126.4,False,False,182.1,99.7,2025-06-18
df59f75a-5391-4cae-9734-56f0d03f1c96,46-60,48,62,Female,South,Non-Smoker,Rarely,22.0,123.3,False,False,214.6,114.7,2024-09-15
88cce2bc-3938-4284-9df5-679282f7ddf4,18-25,21,89,Female,East,Non-Smoker,Weekly,25.7,94.5,True,False,224.7,87.0,2025-11-27
041ae17e-190f-49ed-a7a8-6ce194004d43,18-25,23,92,Male,East,Former Smoker,Daily,20.1,117.1,False,False,172.7,103.4,2025-12-18
9cc54309-f632-44e2-b98d-cdbeed6557a4,46-60,56,65,Female,South,Non-Smoker,Never,29.6,124.4,False,True,209.1,133.3,2026-05-10
e215ad48-a492-4350-9aef-a7e70f8ddbae,18-25,21,84,Male,West,Smoker,Weekly,25.2,118.8,False,False,184.4,115.6,2025-02-23
de22c1fb-79af-4a5a-8b1f-ad51464d5926,26-35,34,96,Female,East,Smoker,Rarely,28.6,115.9,False,False,185.1,122.5,2024-06-25
f65b9237-1381-4086-b52c-95f3f16e19fe,18-25,20,85,Male,North,Smoker,Daily,32.8,119.0,False,False,207.1,103.0,2026-04-06
455f9c24-88b8-4c3c-be8b-19f5b895d869,46-60,50,55,Female,East,Non-Smoker,Daily,33.3,112.0,True,True,249.0,130.4,2025-11-23
8186e107-fe6a-42e1-be78-062b09c635b0,46-60,51,107,Female,West,Non-Smoker,Daily,25.8,126.0,False,False,209.1,105.9,2025-10-12
18e4ab36-66f6-498c-afa8-f1203249c41d,26-35,29,81,Male,West,Smoker,Daily,23.6,129.8,False,False,231.8,67.1,2024-07-25
67650a98-9675-4063-bf47-66eaf6ca417d,46-60,56,88,Female,East,Former Smoker,Daily,18.4,132.3,False,False,217.4,104.6,2026-03-20
b0497e50-cc47-4bf9-ab80-2e07223f4341,46-60,51,97,Male,North,Former Smoker,Never,16.5,150.8,True,False,197.3,118.5,2025-02-02
b4c9171a-8cfc-4ab5-8b2a-94d68e39c3dd,60+,62,97,Male,West,Smoker,Weekly,23.6,135.8,True,True,272.5,125.0,2024-09-24
c0820dfc-80d5-49d7-afcf-c7d824258ec7,46-60,46,73,Female,East,Former Smoker,Daily,25.0,116.0,False,False,198.3,92.1,2025-05-15
9ab98c5a-03db-42cc-acf2-9b56abb0b81d,46-60,55,45,Male,East,Former Smoker,Weekly,31.3,145.2,True,False,185.7,123.8,2026-01-30
c97b98ed-43e0-47e5-a3b2-f0af2edfa2cc,18-25,19,104,Female,North,Former Smoker,Rarely,24.5,136.1,True,False,163.6,115.1,2025-08-25
dd49f2f3-6e5c-46f2-8038-5cdef4b41daa,36-45,38,105,Male,North,Smoker,Weekly,25.7,132.5,False,False,183.0,122.8,2025-10-02
ad087d7e-a336-4b63-8b53-c7c4f9d74bcf,18-25,25,91,Male,North,Non-Smoker,Never,23.2,123.0,True,False,194.9,108.1,2025-06-22
