CustomerID,Name,Age,Gender,SubscriptionType,SubscriptionDate,LastLoginDate,TotalSessions,FeedbackScore,IsChurned
1,Nisha,48,Male,Yearly,2025-03-28,2026-01-29,7,6,1
2,Priya,33,Male,Quarterly,2024-11-15,2024-12-22,39,10,1
3,Deepak,24,Female,Monthly,2025-08-18,2026-01-29,22,4,1
4,Neha,37,Male,Monthly,2023-09-04,2024-02-13,12,5,1
5,Meena,35,Other,Monthly,2023-08-04,2025-09-21,39,7,1
6,Arjun,29,Female,Monthly,2023-08-11,2025-10-31,16,7,1
7,Priya,38,Male,Monthly,2024-07-13,2025-05-15,15,6,1
8,Simran,37,Male,Quarterly,2024-03-26,2024-12-24,1,8,1
9,Simran,18,Other,Quarterly,2023-12-11,2026-03-07,39,10,0
10,Meena,40,Female,Monthly,2025-03-05,2025-07-27,40,5,1
11,Deepak,41,Female,Monthly,2023-03-11,2025-03-15,24,2,1
12,Karan,19,Female,Quarterly,2024-05-14,2025-07-26,15,6,1
13,Karan,29,Male,Yearly,2023-06-07,2023-07-11,2,9,1
14,Anjali,30,Other,Quarterly,2025-10-08,2025-12-22,1,4,1
15,Simran,22,Other,Quarterly,2023-10-15,2024-02-16,10,1,1
16,Karan,41,Other,Yearly,2024-05-24,2026-03-10,29,4,0
17,Rahul,28,Male,Yearly,2024-02-22,2025-04-21,20,2,1
18,Nisha,45,Male,Quarterly,2024-12-31,2025-08-01,36,1,1
19,Karan,40,Female,Yearly,2025-05-13,2025-11-28,39,6,1
20,Ravi,30,Other,Yearly,2024-09-21,2025-02-02,6,6,1
21,Arjun,55,Other,Monthly,2023-04-07,2025-07-29,23,9,1
22,Nisha,35,Other,Monthly,2025-01-06,2025-10-01,19,3,1
23,Ritu,31,Other,Quarterly,2023-10-31,2024-02-23,7,2,1
24,Suresh,30,Other,Monthly,2024-08-23,2025-12-21,17,1,1
25,Meena,23,Male,Monthly,2023-02-28,2026-03-16,20,9,0
26,Neha,22,Female,Yearly,2024-12-19,2026-03-30,36,9,0
27,Sneha,25,Other,Yearly,2024-06-24,2026-02-26,18,2,0
28,Amit,47,Male,Yearly,2023-12-15,2024-12-13,34,10,1
29,Vikas,23,Male,Monthly,2024-05-09,2025-06-25,4,10,1
30,Sneha,51,Female,Quarterly,2023-06-25,2025-03-09,28,1,1
31,Vikas,25,Male,Monthly,2023-10-03,2024-08-28,39,10,1
32,Sneha,47,Other,Quarterly,2024-10-30,2026-03-01,39,2,0
33,Neha,21,Female,Quarterly,2024-07-05,2025-09-26,38,10,1
34,Priya,22,Female,Yearly,2025-12-02,2026-02-28,33,8,0
35,Pooja,51,Female,Yearly,2023-02-02,2025-02-09,12,2,1
36,Suresh,39,Female,Monthly,2025-08-11,2026-01-04,9,1,1
37,Sneha,43,Female,Yearly,2024-04-23,2024-11-21,20,3,1
38,Suresh,24,Female,Yearly,2023-05-24,2025-02-28,33,5,1
39,Pooja,31,Male,Quarterly,2024-08-04,2025-09-30,34,10,1
40,Neha,32,Female,Quarterly,2025-06-03,2026-01-28,20,9,1
41,Karan,25,Female,Yearly,2024-01-31,2024-04-06,39,7,1
42,Deepak,40,Female,Yearly,2024-09-29,2024-11-11,18,9,1
43,Rahul,20,Female,Monthly,2025-04-08,2025-05-08,13,9,1
44,Priya,53,Other,Monthly,2024-03-01,2025-09-04,19,10,1
45,Nisha,47,Other,Monthly,2023-01-26,2025-11-03,6,8,1
46,Nisha,18,Female,Monthly,2025-01-27,2026-03-16,2,6,1
47,Vikas,19,Male,Yearly,2025-10-01,2025-10-02,26,8,1
48,Kavita,21,Other,Yearly,2023-09-02,2025-12-08,4,6,1
49,Nisha,35,Other,Yearly,2023-12-30,2025-05-12,22,8,1
50,Vikas,50,Other,Yearly,2025-06-13,2026-02-07,36,7,0
51,Ajay,42,Other,Quarterly,2024-10-08,2025-04-06,36,3,1
52,Simran,28,Male,Monthly,2025-04-27,2026-01-07,16,2,1
53,Kavita,40,Male,Yearly,2024-12-30,2026-01-16,18,1,1
54,Karan,31,Male,Yearly,2024-07-26,2025-03-31,2,4,1
55,Neha,26,Other,Quarterly,2024-12-21,2026-02-16,32,9,0
56,Karan,36,Female,Quarterly,2023-03-03,2024-10-14,24,9,1
57,Vikas,20,Male,Quarterly,2023-11-20,2025-01-06,2,9,1
58,Amit,37,Other,Yearly,2023-09-01,2026-01-19,29,3,1
59,Suresh,22,Male,Quarterly,2024-04-20,2026-03-12,39,9,0
60,Suresh,42,Female,Quarterly,2025-02-12,2025-06-29,28,9,1
61,Ajay,50,Female,Monthly,2024-02-15,2024-03-23,9,4,1
62,Sneha,32,Other,Yearly,2023-09-30,2024-02-05,6,5,1
63,Ritu,28,Other,Quarterly,2024-01-17,2024-09-25,16,2,1
64,Karan,39,Other,Yearly,2023-06-17,2024-09-06,6,6,1
65,Anjali,44,Male,Quarterly,2024-03-09,2024-08-01,27,10,1
66,Neha,55,Male,Yearly,2023-10-05,2025-09-26,3,2,1
67,Anjali,19,Female,Monthly,2023-07-13,2025-01-28,17,5,1
68,Priya,45,Other,Quarterly,2023-05-26,2024-05-08,1,5,1
69,Nisha,46,Other,Quarterly,2023-10-16,2024-07-17,21,3,1
70,Neha,30,Male,Yearly,2025-04-16,2025-06-05,6,6,1
71,Nisha,18,Female,Quarterly,2023-02-11,2024-09-18,37,9,1
72,Sneha,38,Male,Quarterly,2024-06-22,2026-01-11,7,5,1
73,Neha,19,Other,Monthly,2024-12-11,2025-09-26,2,8,1
74,Ajay,29,Male,Monthly,2023-07-13,2023-11-03,13,2,1
75,Anjali,51,Female,Yearly,2023-06-24,2024-01-29,37,9,1
76,Ravi,20,Other,Yearly,2024-05-28,2025-12-22,3,4,1
77,Simran,50,Other,Quarterly,2024-01-25,2025-12-16,18,9,1
78,Karan,48,Female,Quarterly,2025-01-17,2025-06-12,12,4,1
79,Arjun,24,Female,Yearly,2024-12-18,2025-02-03,25,5,1
80,Kavita,34,Other,Yearly,2025-11-06,2026-03-14,17,10,0
81,Manoj,39,Female,Monthly,2024-09-13,2025-08-06,20,6,1
82,Ravi,48,Female,Yearly,2024-01-14,2025-01-04,14,1,1
83,Meena,37,Male,Quarterly,2023-07-15,2024-01-26,21,10,1
84,Ravi,20,Female,Monthly,2024-05-20,2025-02-13,14,4,1
85,Pooja,47,Other,Quarterly,2023-06-09,2024-12-09,19,5,1
86,Neha,37,Female,Monthly,2023-02-22,2026-01-15,28,8,1
87,Priya,33,Female,Yearly,2025-04-13,2025-10-23,35,8,1
88,Rahul,38,Female,Monthly,2023-10-23,2024-10-01,28,8,1
89,Rahul,30,Other,Yearly,2024-10-21,2025-04-25,12,9,1
90,Suresh,22,Other,Quarterly,2025-02-23,2025-08-11,38,2,1
91,Ajay,40,Other,Monthly,2025-07-21,2026-03-16,25,8,0
92,Pooja,23,Male,Yearly,2024-12-21,2025-09-30,21,8,1
93,Neha,52,Female,Monthly,2025-02-24,2025-11-30,18,10,1
94,Arjun,20,Female,Quarterly,2023-04-12,2025-06-12,18,3,1
95,Priya,27,Male,Yearly,2024-06-30,2026-01-27,40,1,1
96,Nisha,24,Other,Yearly,2024-03-10,2024-08-31,5,7,1
97,Vikas,18,Female,Monthly,2023-11-03,2024-05-22,5,5,1
98,Sneha,21,Other,Yearly,2023-09-28,2025-03-05,37,4,1
99,Nisha,32,Other,Quarterly,2024-11-20,2025-06-25,22,3,1
100,Ritu,26,Male,Monthly,2025-09-12,2026-03-09,29,7,0
101,Neha,28,Other,Quarterly,2025-11-22,2026-01-14,1,7,1
102,Kavita,34,Male,Monthly,2023-02-22,2026-02-12,14,1,1
103,Pooja,40,Other,Quarterly,2023-04-17,2023-12-28,24,6,1
104,Meena,18,Female,Quarterly,2023-10-29,2024-12-15,14,6,1
105,Pooja,36,Male,Yearly,2024-07-31,2025-03-18,32,5,1
106,Ravi,45,Female,Monthly,2024-02-12,2025-05-07,25,7,1
107,Manoj,45,Male,Monthly,2025-12-07,2026-03-27,3,3,1
108,Karan,27,Other,Quarterly,2024-03-18,2025-07-08,15,5,1
109,Deepak,45,Other,Yearly,2025-01-27,2025-06-14,24,8,1
110,Pooja,27,Female,Yearly,2023-04-19,2024-11-20,13,9,1
111,Karan,27,Other,Quarterly,2024-02-08,2025-03-09,29,10,1
112,Amit,43,Other,Monthly,2025-09-06,2025-10-31,35,2,1
113,Nisha,31,Male,Monthly,2023-05-12,2023-11-29,12,8,1
114,Anjali,30,Male,Yearly,2024-11-04,2024-12-30,19,9,1
115,Arjun,23,Female,Yearly,2023-11-27,2024-03-31,15,9,1
116,Amit,32,Other,Monthly,2025-12-04,2026-01-26,19,1,1
117,Karan,54,Other,Yearly,2024-10-18,2025-08-26,22,9,1
118,Manoj,43,Female,Yearly,2024-11-09,2025-01-04,12,2,1
119,Ritu,25,Female,Yearly,2025-09-23,2025-10-18,11,10,1
120,Rahul,22,Other,Yearly,2024-03-06,2026-02-12,18,7,0
121,Arjun,52,Male,Quarterly,2023-01-26,2025-10-19,6,4,1
122,Anjali,46,Male,Monthly,2023-02-09,2025-07-02,33,5,1
123,Kavita,25,Other,Monthly,2024-07-03,2024-07-11,3,4,1
124,Karan,23,Male,Quarterly,2024-09-05,2025-04-27,32,3,1
125,Karan,52,Other,Quarterly,2023-11-06,2026-01-26,31,9,1
126,Nisha,23,Other,Monthly,2023-06-30,2025-01-30,39,1,1
127,Ritu,49,Male,Quarterly,2025-03-12,2026-03-28,35,10,0
128,Kavita,31,Female,Quarterly,2025-04-12,2025-07-30,26,6,1
129,Meena,18,Male,Quarterly,2024-12-11,2025-11-30,15,1,1
130,Sneha,24,Female,Quarterly,2023-11-17,2024-04-23,15,6,1
131,Vikas,35,Other,Yearly,2024-09-08,2024-11-27,28,9,1
132,Neha,45,Other,Monthly,2024-07-12,2024-10-12,4,9,1
133,Sneha,52,Male,Yearly,2023-03-19,2024-08-11,40,2,1
134,Karan,43,Male,Monthly,2025-12-05,2026-03-05,24,5,1
135,Kavita,55,Female,Monthly,2023-05-08,2025-01-25,28,4,1
136,Amit,54,Male,Yearly,2024-12-03,2025-12-12,5,5,1
137,Deepak,49,Female,Quarterly,2024-03-25,2025-10-08,14,3,1
138,Neha,34,Other,Quarterly,2023-11-04,2024-11-19,18,8,1
139,Nisha,28,Female,Quarterly,2025-10-09,2026-03-15,4,10,0
140,Manoj,54,Other,Monthly,2023-05-27,2025-10-17,5,3,1
141,Simran,24,Other,Quarterly,2024-09-25,2025-09-28,3,5,1
142,Simran,51,Other,Yearly,2025-04-27,2025-06-02,18,2,1
143,Kavita,30,Female,Monthly,2024-11-09,2024-12-24,10,2,1
144,Amit,40,Male,Yearly,2023-10-15,2024-06-20,9,8,1
145,Simran,35,Other,Monthly,2024-05-01,2024-10-13,23,7,1
146,Kavita,53,Female,Quarterly,2023-10-31,2024-03-17,28,2,1
147,Vikas,20,Male,Monthly,2025-11-14,2025-12-08,1,2,1
148,Simran,55,Other,Quarterly,2023-11-02,2024-03-05,4,10,1
149,Sneha,48,Female,Monthly,2023-08-14,2024-06-20,5,4,1
150,Anjali,35,Female,Monthly,2024-08-23,2025-12-27,3,4,1
151,Deepak,21,Male,Monthly,2023-05-02,2025-05-18,18,5,1
152,Anjali,44,Other,Monthly,2025-10-28,2026-01-13,25,6,1
153,Pooja,55,Other,Monthly,2024-01-25,2024-05-08,5,5,1
154,Deepak,30,Other,Yearly,2024-04-05,2026-01-21,25,4,1
155,Suresh,25,Male,Yearly,2025-05-17,2026-03-12,33,5,0
156,Deepak,36,Other,Monthly,2025-12-10,2025-12-28,32,3,1
157,Ritu,54,Male,Monthly,2023-11-12,2025-12-31,20,6,1
158,Priya,37,Female,Monthly,2025-02-13,2025-12-07,21,5,1
159,Ajay,37,Male,Monthly,2025-03-11,2025-06-23,13,9,1
160,Neha,41,Female,Monthly,2025-02-10,2025-03-19,10,2,1
161,Karan,25,Other,Monthly,2023-12-25,2025-10-20,11,1,1
162,Suresh,28,Other,Quarterly,2024-06-15,2024-12-24,33,1,1
163,Pooja,29,Female,Quarterly,2025-07-06,2025-08-29,28,10,1
164,Karan,39,Female,Quarterly,2024-07-15,2024-08-01,23,4,1
165,Simran,45,Male,Quarterly,2025-01-24,2026-02-07,24,6,0
166,Simran,20,Male,Monthly,2025-02-11,2025-10-30,27,2,1
167,Ajay,25,Male,Quarterly,2024-03-02,2025-02-07,11,3,1
168,Pooja,30,Other,Monthly,2024-09-14,2025-11-18,4,7,1
169,Ravi,24,Other,Yearly,2024-06-13,2025-08-16,24,6,1
170,Arjun,20,Male,Monthly,2024-08-25,2026-03-16,38,1,1
171,Sneha,35,Female,Quarterly,2025-05-10,2025-09-19,23,6,1
172,Neha,28,Other,Yearly,2024-04-21,2025-03-04,19,3,1
173,Anjali,50,Female,Quarterly,2025-05-07,2025-10-01,34,9,1
174,Deepak,54,Male,Monthly,2025-09-29,2026-02-28,7,6,1
175,Ravi,52,Other,Monthly,2024-11-28,2026-03-29,27,9,0
176,Amit,20,Male,Monthly,2024-01-10,2026-02-25,11,3,1
177,Amit,47,Female,Quarterly,2024-04-15,2025-09-07,18,9,1
178,Ravi,48,Other,Quarterly,2023-06-04,2024-01-02,39,8,1
179,Ajay,26,Other,Monthly,2024-01-31,2026-03-24,18,4,1
180,Pooja,51,Female,Yearly,2025-12-19,2025-12-30,11,6,1
181,Meena,30,Male,Monthly,2025-12-28,2026-01-30,12,10,1
182,Ritu,31,Male,Quarterly,2023-01-14,2025-06-17,22,9,1
183,Neha,42,Male,Quarterly,2023-07-19,2025-12-02,7,9,1
184,Ravi,54,Female,Yearly,2024-06-22,2025-03-15,37,2,1
185,Suresh,18,Male,Quarterly,2023-03-09,2023-04-30,18,10,1
186,Manoj,45,Male,Quarterly,2025-08-20,2025-09-20,14,6,1
187,Manoj,30,Male,Monthly,2023-01-01,2023-10-06,34,10,1
188,Deepak,44,Other,Yearly,2024-12-23,2025-12-09,6,8,1
189,Vikas,54,Other,Monthly,2024-03-20,2024-12-02,8,1,1
190,Ajay,35,Female,Yearly,2025-05-08,2025-06-02,12,10,1
191,Arjun,34,Female,Yearly,2024-08-22,2025-05-12,35,1,1
192,Kavita,50,Other,Monthly,2023-01-12,2026-01-31,19,2,1
193,Pooja,20,Female,Quarterly,2025-11-27,2026-03-16,33,4,0
194,Ritu,33,Male,Yearly,2025-08-04,2026-01-01,5,8,1
195,Manoj,43,Other,Yearly,2025-09-07,2025-12-07,21,1,1
196,Karan,48,Male,Quarterly,2023-11-24,2024-09-12,1,9,1
197,Rahul,18,Other,Quarterly,2023-01-31,2026-03-28,19,8,0
198,Priya,24,Female,Monthly,2024-05-12,2025-08-13,30,5,1
199,Priya,55,Male,Monthly,2025-08-05,2026-02-19,32,9,0
200,Karan,53,Male,Yearly,2024-04-03,2024-05-10,18,1,1
201,Karan,47,Female,Quarterly,2024-10-14,2025-11-28,40,3,1
202,Suresh,27,Female,Quarterly,2025-10-21,2025-12-16,39,6,1
203,Rahul,52,Male,Monthly,2025-08-08,2025-10-15,5,2,1
204,Deepak,29,Other,Quarterly,2023-06-30,2025-11-19,18,10,1
205,Deepak,38,Male,Yearly,2024-05-13,2026-01-04,38,2,1
206,Ajay,44,Other,Monthly,2024-05-20,2025-07-31,30,2,1
207,Ritu,41,Female,Yearly,2024-04-25,2024-06-26,37,6,1
208,Nisha,36,Other,Quarterly,2023-09-26,2024-01-22,15,7,1
209,Sneha,19,Other,Yearly,2023-04-30,2025-10-09,27,6,1
210,Suresh,36,Other,Quarterly,2023-10-19,2024-08-10,33,4,1
211,Ritu,19,Male,Quarterly,2025-01-05,2025-05-21,23,10,1
212,Anjali,37,Male,Quarterly,2025-05-25,2026-03-09,11,10,0
213,Karan,26,Female,Monthly,2023-10-30,2024-02-12,28,7,1
214,Vikas,33,Female,Monthly,2023-09-19,2024-05-11,11,2,1
215,Pooja,32,Other,Monthly,2023-03-23,2023-06-13,6,9,1
216,Amit,36,Male,Quarterly,2025-05-22,2025-10-15,10,2,1
217,Karan,50,Female,Quarterly,2023-09-23,2025-07-28,14,5,1
218,Deepak,44,Other,Yearly,2024-05-29,2024-11-12,3,3,1
219,Suresh,20,Female,Monthly,2024-11-16,2025-02-28,2,7,1
220,Suresh,26,Female,Monthly,2025-04-15,2026-01-11,4,4,1
221,Neha,22,Male,Monthly,2024-12-19,2025-03-22,28,5,1
222,Suresh,49,Other,Quarterly,2024-07-19,2026-03-23,39,5,0
223,Sneha,39,Female,Monthly,2023-06-22,2025-06-26,27,7,1
224,Kavita,49,Other,Yearly,2023-03-18,2025-04-01,16,6,1
225,Anjali,50,Other,Yearly,2024-05-25,2025-06-17,28,5,1
226,Pooja,45,Female,Monthly,2024-08-22,2024-09-16,27,3,1
227,Ajay,26,Other,Quarterly,2023-02-27,2024-04-20,35,2,1
228,Neha,53,Other,Monthly,2023-10-23,2023-12-22,16,10,1
229,Ajay,23,Male,Quarterly,2024-06-26,2026-02-17,18,5,0
230,Amit,28,Female,Quarterly,2025-08-30,2025-11-07,3,1,1
231,Nisha,37,Female,Quarterly,2023-08-13,2024-12-29,27,9,1
232,Meena,21,Male,Yearly,2024-10-25,2025-10-22,39,8,1
233,Vikas,40,Female,Quarterly,2024-03-03,2024-08-08,12,2,1
234,Simran,35,Male,Quarterly,2023-03-07,2025-07-28,31,5,1
235,Deepak,36,Female,Yearly,2024-05-15,2025-09-26,1,2,1
236,Rahul,42,Other,Yearly,2025-04-25,2025-07-02,3,3,1
237,Rahul,37,Other,Quarterly,2025-11-23,2025-12-25,24,8,1
238,Priya,28,Male,Yearly,2024-06-15,2024-07-28,34,3,1
239,Rahul,44,Female,Monthly,2024-05-13,2024-09-28,26,5,1
240,Rahul,38,Other,Yearly,2025-01-21,2025-04-28,40,4,1
241,Sneha,52,Other,Quarterly,2024-02-11,2026-01-29,34,4,1
242,Meena,44,Male,Monthly,2023-10-14,2026-01-23,18,8,1
243,Rahul,28,Female,Monthly,2024-12-26,2025-10-23,26,4,1
244,Deepak,30,Male,Monthly,2023-05-13,2025-08-03,11,6,1
245,Meena,25,Female,Yearly,2025-08-30,2025-12-26,26,1,1
246,Rahul,23,Female,Yearly,2025-10-18,2026-01-04,18,7,1
247,Rahul,34,Other,Monthly,2024-02-10,2024-06-23,20,8,1
248,Karan,48,Male,Monthly,2025-09-05,2026-01-07,32,8,1
249,Neha,52,Male,Quarterly,2025-01-23,2025-03-01,27,5,1
250,Suresh,40,Other,Quarterly,2025-03-18,2026-03-22,19,6,0
251,Ritu,45,Male,Monthly,2025-09-12,2025-12-13,22,10,1
252,Priya,43,Other,Yearly,2024-11-01,2025-11-14,7,2,1
253,Suresh,54,Male,Quarterly,2023-05-02,2025-07-31,38,3,1
254,Nisha,48,Male,Quarterly,2024-06-08,2025-03-27,33,4,1
255,Pooja,38,Other,Quarterly,2025-06-04,2025-12-13,3,9,1
256,Deepak,35,Male,Quarterly,2024-08-16,2025-06-21,21,10,1
257,Sneha,53,Female,Monthly,2024-07-12,2026-02-10,31,6,1
258,Ritu,26,Female,Quarterly,2025-05-18,2026-01-21,11,4,1
259,Karan,21,Other,Yearly,2024-03-10,2025-01-11,17,2,1
260,Manoj,42,Female,Quarterly,2024-08-23,2024-10-02,7,7,1
261,Ajay,45,Female,Yearly,2025-11-10,2026-01-02,38,1,1
262,Ajay,37,Female,Monthly,2024-07-29,2025-02-17,29,6,1
263,Ravi,28,Male,Quarterly,2023-02-09,2024-08-14,25,6,1
264,Sneha,33,Female,Monthly,2025-11-23,2026-01-03,3,4,1
265,Meena,21,Male,Quarterly,2025-03-16,2026-03-25,23,3,0
266,Sneha,39,Other,Yearly,2023-07-15,2024-01-20,5,1,1
267,Ravi,40,Male,Monthly,2023-10-27,2023-11-20,2,2,1
268,Ritu,49,Female,Monthly,2024-04-25,2025-01-22,27,2,1
269,Rahul,52,Other,Quarterly,2025-05-02,2026-02-20,5,9,0
270,Arjun,37,Other,Yearly,2024-07-22,2025-06-14,3,6,1
271,Meena,23,Female,Quarterly,2024-11-22,2025-11-17,4,1,1
272,Kavita,39,Female,Quarterly,2025-04-10,2025-09-15,24,3,1
273,Manoj,24,Other,Monthly,2024-10-11,2025-12-18,4,4,1
274,Karan,20,Other,Monthly,2023-02-22,2023-12-25,3,3,1
275,Manoj,29,Male,Yearly,2023-09-24,2025-03-28,17,10,1
276,Meena,35,Male,Monthly,2024-09-26,2025-11-18,40,3,1
277,Ravi,22,Male,Yearly,2023-09-11,2023-12-11,10,8,1
278,Deepak,37,Male,Monthly,2023-08-12,2024-04-21,33,4,1
279,Pooja,46,Other,Yearly,2025-03-06,2025-05-11,30,4,1
280,Manoj,21,Female,Monthly,2023-01-25,2024-10-26,4,6,1
281,Priya,20,Other,Yearly,2023-07-02,2024-01-27,22,7,1
282,Priya,43,Male,Quarterly,2025-08-23,2025-09-07,30,6,1
283,Sneha,33,Other,Yearly,2025-11-04,2026-03-14,1,9,0
284,Meena,51,Male,Monthly,2025-08-30,2025-09-18,19,2,1
285,Karan,44,Female,Yearly,2023-02-05,2025-01-11,8,5,1
286,Amit,26,Female,Quarterly,2025-11-11,2025-12-03,39,7,1
287,Suresh,31,Male,Monthly,2025-11-30,2025-12-02,2,1,1
288,Ritu,55,Female,Yearly,2025-11-07,2026-03-16,34,1,0
289,Karan,25,Male,Yearly,2024-06-19,2025-08-25,26,6,1
290,Ravi,40,Female,Quarterly,2024-08-07,2026-01-08,24,4,1
291,Meena,55,Male,Quarterly,2024-11-15,2025-05-26,31,4,1
292,Arjun,29,Male,Quarterly,2025-08-26,2026-03-24,36,1,0
293,Pooja,52,Male,Quarterly,2023-11-18,2024-07-23,17,3,1
294,Ajay,40,Other,Yearly,2025-08-31,2026-02-13,30,4,0
295,Manoj,48,Female,Yearly,2024-04-30,2024-08-19,37,9,1
296,Sneha,34,Other,Yearly,2023-06-21,2023-09-10,37,4,1
297,Ajay,20,Male,Yearly,2024-12-23,2026-03-18,13,4,0
298,Pooja,28,Other,Monthly,2023-05-26,2024-06-09,2,9,1
299,Anjali,42,Other,Yearly,2025-09-15,2025-11-13,28,5,1
300,Kavita,22,Female,Yearly,2025-05-31,2025-07-06,25,4,1
301,Kavita,34,Female,Monthly,2024-02-26,2025-02-28,27,10,1
302,Simran,29,Male,Monthly,2025-02-19,2025-04-12,23,7,1
303,Priya,22,Male,Yearly,2025-05-18,2026-01-03,27,10,1
304,Pooja,37,Other,Yearly,2023-04-17,2023-07-22,10,8,1
305,Deepak,39,Male,Yearly,2023-08-12,2025-11-24,27,2,1
306,Ajay,43,Female,Yearly,2025-05-09,2025-08-23,37,7,1
307,Karan,49,Other,Quarterly,2024-01-18,2025-04-03,11,3,1
308,Anjali,43,Male,Quarterly,2025-11-18,2026-01-10,15,8,1
309,Suresh,49,Other,Quarterly,2023-09-01,2023-11-28,27,4,1
310,Arjun,40,Female,Yearly,2024-01-08,2025-08-11,33,5,1
311,Priya,20,Female,Quarterly,2024-07-07,2024-11-28,40,3,1
312,Priya,19,Other,Yearly,2024-03-21,2025-12-12,20,10,1
313,Anjali,27,Female,Yearly,2023-10-01,2024-08-04,30,7,1
314,Arjun,38,Other,Monthly,2023-12-12,2024-05-23,9,7,1
315,Nisha,37,Female,Quarterly,2023-04-07,2023-07-02,12,9,1
316,Rahul,39,Female,Yearly,2024-01-02,2024-03-09,21,4,1
317,Anjali,40,Male,Quarterly,2024-05-30,2025-09-13,18,8,1
318,Arjun,43,Female,Monthly,2023-12-10,2025-11-05,16,8,1
319,Rahul,30,Female,Quarterly,2023-05-22,2025-07-14,39,8,1
320,Meena,53,Male,Quarterly,2024-08-25,2025-10-05,18,4,1
321,Ravi,34,Female,Monthly,2023-07-31,2023-12-20,31,4,1
322,Arjun,48,Male,Monthly,2023-05-02,2023-09-12,30,6,1
323,Anjali,37,Female,Yearly,2023-06-04,2024-03-29,40,5,1
324,Arjun,51,Male,Monthly,2024-04-13,2026-03-02,30,5,1
325,Suresh,20,Other,Monthly,2024-03-13,2024-11-24,18,9,1
326,Priya,48,Other,Yearly,2024-12-01,2025-08-31,20,1,1
327,Amit,42,Other,Yearly,2025-11-25,2025-12-16,24,2,1
328,Simran,37,Other,Monthly,2025-03-25,2025-11-20,23,10,1
329,Deepak,23,Male,Monthly,2024-08-22,2025-08-21,31,2,1
330,Ravi,27,Female,Quarterly,2025-09-04,2025-10-23,9,3,1
331,Sneha,20,Other,Quarterly,2024-02-14,2024-06-12,17,1,1
332,Priya,43,Female,Monthly,2024-08-04,2024-10-23,21,10,1
333,Suresh,22,Female,Yearly,2023-04-19,2025-12-21,33,9,1
334,Meena,42,Male,Monthly,2024-12-28,2025-03-02,39,4,1
335,Deepak,41,Other,Yearly,2024-03-01,2026-01-13,2,9,1
336,Rahul,28,Other,Monthly,2023-09-22,2023-12-06,14,7,1
337,Ravi,35,Male,Quarterly,2023-07-30,2024-06-04,19,4,1
338,Sneha,48,Other,Quarterly,2024-12-29,2025-04-14,4,3,1
339,Simran,38,Male,Monthly,2025-03-17,2025-06-11,21,1,1
340,Anjali,20,Male,Monthly,2024-05-14,2026-03-05,13,8,0
341,Ravi,34,Male,Yearly,2025-02-04,2026-02-05,28,5,0
342,Vikas,33,Male,Monthly,2025-07-17,2025-07-21,32,1,1
343,Nisha,38,Other,Quarterly,2024-01-07,2024-06-26,35,5,1
344,Rahul,39,Other,Monthly,2024-08-08,2025-07-23,10,8,1
345,Ravi,40,Male,Monthly,2025-07-04,2025-11-04,28,5,1
346,Pooja,40,Male,Monthly,2023-07-28,2024-01-21,20,4,1
347,Ravi,41,Other,Monthly,2023-09-26,2025-11-21,35,2,1
348,Anjali,21,Male,Yearly,2025-02-20,2025-04-09,38,7,1
349,Karan,20,Female,Yearly,2023-06-16,2025-04-05,23,6,1
350,Sneha,24,Female,Monthly,2025-02-02,2025-06-15,18,9,1
351,Rahul,31,Male,Yearly,2023-07-05,2024-11-26,16,5,1
352,Arjun,24,Female,Yearly,2024-07-18,2025-11-21,28,3,1
353,Amit,51,Other,Yearly,2024-02-21,2024-08-12,29,7,1
354,Pooja,46,Female,Monthly,2025-02-02,2025-12-19,28,8,1
355,Anjali,46,Male,Quarterly,2023-01-04,2024-07-01,37,5,1
356,Karan,36,Male,Quarterly,2024-01-26,2025-05-17,29,3,1
357,Kavita,37,Male,Yearly,2025-11-02,2026-04-01,6,8,0
358,Vikas,41,Female,Yearly,2024-08-09,2025-02-23,7,2,1
359,Vikas,23,Other,Yearly,2024-05-09,2025-04-01,23,9,1
360,Simran,26,Female,Monthly,2023-05-18,2025-10-07,16,10,1
361,Priya,35,Male,Quarterly,2023-07-22,2025-04-24,25,2,1
362,Vikas,45,Female,Monthly,2023-11-27,2024-06-10,2,5,1
363,Meena,18,Female,Yearly,2024-07-26,2025-02-02,25,3,1
364,Kavita,41,Other,Quarterly,2023-11-05,2024-05-28,9,7,1
365,Pooja,54,Female,Monthly,2023-03-11,2025-03-28,32,8,1
366,Ajay,52,Male,Quarterly,2023-08-02,2023-10-15,15,6,1
367,Nisha,32,Other,Monthly,2023-02-12,2024-06-22,19,1,1
368,Deepak,23,Other,Yearly,2024-11-13,2026-01-12,14,8,1
369,Arjun,45,Female,Monthly,2023-02-22,2025-11-12,8,3,1
370,Arjun,33,Other,Yearly,2023-12-16,2025-07-22,11,9,1
371,Sneha,48,Female,Quarterly,2025-05-16,2025-05-26,29,5,1
372,Anjali,34,Male,Quarterly,2023-01-20,2024-12-30,23,1,1
373,Karan,41,Male,Monthly,2023-10-30,2025-11-05,28,5,1
374,Vikas,38,Other,Monthly,2024-01-06,2026-03-29,33,2,1
375,Neha,19,Other,Quarterly,2024-04-15,2024-09-27,4,8,1
376,Manoj,22,Female,Yearly,2023-05-17,2023-09-29,11,2,1
377,Meena,25,Female,Quarterly,2023-07-18,2024-07-02,5,7,1
378,Arjun,32,Female,Yearly,2023-11-27,2025-09-22,10,10,1
379,Anjali,33,Other,Monthly,2025-06-18,2026-03-12,1,3,1
380,Ritu,46,Other,Quarterly,2025-06-18,2025-10-03,31,10,1
381,Deepak,52,Female,Monthly,2025-05-24,2025-11-17,33,8,1
382,Ajay,52,Female,Monthly,2024-11-15,2025-05-21,25,7,1
383,Nisha,25,Female,Yearly,2025-06-24,2026-03-07,23,5,0
384,Vikas,27,Female,Quarterly,2023-12-21,2024-10-17,1,10,1
385,Vikas,42,Male,Yearly,2024-10-26,2025-09-09,25,10,1
386,Anjali,44,Male,Monthly,2024-09-13,2025-02-12,13,4,1
387,Anjali,21,Other,Monthly,2023-09-01,2024-09-18,10,4,1
388,Simran,42,Female,Monthly,2024-10-29,2025-09-11,23,2,1
389,Nisha,28,Female,Monthly,2024-05-09,2025-06-09,38,8,1
390,Deepak,33,Male,Yearly,2024-02-05,2025-03-04,40,4,1
391,Neha,21,Male,Yearly,2023-07-11,2026-01-30,20,2,1
392,Karan,27,Female,Monthly,2024-11-11,2025-02-09,17,3,1
393,Arjun,34,Male,Monthly,2023-02-02,2024-05-17,32,1,1
394,Arjun,33,Female,Quarterly,2025-02-21,2025-11-04,9,10,1
395,Suresh,42,Female,Monthly,2023-05-18,2024-07-03,21,9,1
396,Simran,24,Male,Monthly,2024-11-02,2025-11-01,20,7,1
397,Karan,18,Female,Yearly,2025-12-10,2026-03-01,17,4,0
398,Meena,44,Other,Quarterly,2024-01-28,2025-09-09,26,1,1
399,Priya,36,Male,Yearly,2024-10-13,2025-05-05,16,9,1
400,Rahul,38,Female,Quarterly,2025-09-14,2025-10-19,36,8,1
401,Manoj,23,Other,Quarterly,2023-02-27,2025-03-27,28,10,1
402,Kavita,29,Female,Yearly,2023-10-05,2024-11-07,16,1,1
403,Manoj,37,Other,Monthly,2024-06-13,2024-08-12,27,8,1
404,Amit,41,Female,Yearly,2023-02-14,2025-06-19,30,9,1
405,Pooja,25,Male,Quarterly,2024-06-04,2024-12-31,8,5,1
406,Arjun,50,Female,Monthly,2025-06-20,2025-06-27,7,1,1
407,Anjali,51,Male,Yearly,2025-08-25,2025-12-24,40,3,1
408,Rahul,21,Other,Yearly,2025-05-06,2025-09-26,7,2,1
409,Arjun,18,Female,Quarterly,2025-08-09,2025-11-07,19,5,1
410,Karan,33,Female,Yearly,2023-05-02,2023-10-02,24,6,1
411,Suresh,39,Other,Yearly,2024-01-06,2024-10-12,20,3,1
412,Ravi,28,Male,Monthly,2025-05-29,2025-11-11,5,4,1
413,Suresh,21,Male,Yearly,2025-02-18,2025-07-29,6,5,1
414,Pooja,43,Other,Yearly,2025-06-09,2026-02-12,1,10,0
415,Arjun,50,Male,Quarterly,2023-01-05,2023-02-15,33,2,1
416,Deepak,19,Other,Monthly,2024-10-08,2025-01-17,8,8,1
417,Ritu,30,Female,Monthly,2024-10-13,2025-06-06,31,1,1
418,Amit,37,Other,Yearly,2024-09-03,2025-09-03,13,10,1
419,Ritu,28,Male,Yearly,2023-04-05,2024-07-07,33,1,1
420,Nisha,42,Male,Yearly,2023-04-08,2025-09-06,35,5,1
421,Priya,34,Male,Monthly,2024-12-11,2024-12-22,5,7,1
422,Ritu,44,Other,Monthly,2025-07-08,2025-11-15,13,4,1
423,Amit,49,Other,Yearly,2025-03-05,2025-08-28,7,9,1
424,Karan,47,Other,Monthly,2023-04-16,2024-02-23,38,9,1
425,Sneha,54,Male,Monthly,2025-04-01,2025-08-12,37,8,1
426,Amit,19,Female,Quarterly,2023-10-09,2025-04-05,4,3,1
427,Arjun,34,Other,Monthly,2023-12-27,2026-03-12,6,3,1
428,Amit,55,Other,Monthly,2025-09-25,2025-09-26,20,1,1
429,Kavita,47,Male,Yearly,2024-01-09,2025-08-26,16,5,1
430,Amit,21,Female,Yearly,2023-06-20,2023-11-17,24,1,1
431,Pooja,44,Male,Yearly,2025-12-29,2026-01-18,34,6,1
432,Meena,43,Other,Monthly,2025-03-03,2025-04-17,10,9,1
433,Ritu,28,Female,Quarterly,2024-02-09,2024-12-28,11,3,1
434,Manoj,18,Male,Quarterly,2023-01-08,2025-07-04,31,5,1
435,Kavita,44,Female,Monthly,2025-02-22,2025-06-07,33,3,1
436,Pooja,27,Male,Quarterly,2025-02-22,2025-02-23,23,7,1
437,Pooja,55,Other,Monthly,2025-12-22,2026-03-17,39,5,1
438,Priya,32,Other,Yearly,2024-10-07,2024-11-02,26,2,1
439,Ritu,48,Male,Monthly,2023-10-03,2024-09-26,19,4,1
440,Suresh,47,Other,Yearly,2025-08-08,2025-08-22,23,7,1
441,Kavita,25,Female,Yearly,2024-11-12,2025-04-24,36,5,1
442,Manoj,46,Male,Quarterly,2024-09-03,2025-04-14,27,2,1
443,Ritu,33,Female,Quarterly,2023-04-23,2024-08-19,13,3,1
444,Neha,29,Other,Monthly,2023-09-08,2023-10-26,29,6,1
445,Anjali,22,Other,Yearly,2023-10-03,2026-02-08,33,5,0
446,Arjun,38,Male,Quarterly,2025-09-15,2026-02-01,40,6,0
447,Ajay,34,Female,Yearly,2025-08-08,2025-08-21,23,1,1
448,Anjali,44,Male,Yearly,2024-09-17,2025-02-28,22,3,1
449,Rahul,22,Other,Monthly,2024-10-18,2025-03-30,10,2,1
450,Neha,24,Female,Monthly,2024-06-19,2025-11-24,3,5,1
451,Anjali,31,Female,Yearly,2024-10-07,2025-11-01,21,10,1
452,Ritu,30,Female,Quarterly,2024-12-10,2025-12-13,27,7,1
453,Priya,33,Female,Quarterly,2024-07-08,2025-04-12,16,6,1
454,Anjali,45,Male,Yearly,2025-01-15,2026-02-06,39,9,0
455,Suresh,49,Other,Monthly,2024-06-18,2024-11-02,18,8,1
456,Arjun,43,Other,Yearly,2025-01-25,2025-06-02,28,9,1
457,Anjali,33,Male,Monthly,2025-01-20,2025-01-25,4,10,1
458,Arjun,33,Other,Monthly,2025-11-17,2026-03-10,23,7,0
459,Manoj,32,Male,Yearly,2024-03-21,2024-08-17,38,1,1
460,Deepak,31,Other,Quarterly,2025-02-20,2025-06-01,18,2,1
461,Anjali,45,Female,Yearly,2023-07-02,2025-06-25,15,6,1
462,Nisha,35,Female,Monthly,2023-02-12,2024-05-08,31,10,1
463,Pooja,38,Other,Quarterly,2025-11-07,2026-01-16,21,9,1
464,Arjun,52,Other,Yearly,2025-11-19,2026-01-31,19,4,0
465,Simran,38,Male,Quarterly,2023-02-20,2023-08-15,3,10,1
466,Sneha,42,Other,Monthly,2025-10-26,2025-12-29,16,2,1
467,Neha,28,Other,Yearly,2023-10-20,2024-12-27,18,8,1
468,Anjali,49,Other,Yearly,2023-12-22,2024-08-28,8,3,1
469,Priya,39,Female,Quarterly,2023-11-13,2025-04-24,36,3,1
470,Manoj,22,Female,Monthly,2023-08-31,2025-03-13,8,7,1
471,Manoj,43,Female,Quarterly,2024-03-31,2024-11-17,8,9,1
472,Amit,52,Female,Quarterly,2024-09-25,2024-11-07,25,3,1
473,Meena,26,Female,Monthly,2024-05-06,2024-09-12,27,9,1
474,Ravi,39,Male,Yearly,2024-12-17,2025-06-06,25,9,1
475,Arjun,54,Female,Yearly,2025-12-19,2026-02-07,20,10,0
476,Priya,36,Other,Monthly,2024-12-21,2025-07-14,7,3,1
477,Pooja,33,Other,Monthly,2023-07-21,2024-08-31,30,3,1
478,Anjali,43,Female,Yearly,2024-05-19,2025-07-22,4,8,1
479,Simran,18,Male,Monthly,2025-11-06,2026-02-28,39,2,1
480,Ravi,24,Male,Yearly,2025-02-15,2025-06-09,32,2,1
481,Nisha,20,Female,Quarterly,2024-07-16,2025-06-24,36,2,1
482,Arjun,28,Female,Monthly,2025-01-27,2026-02-10,9,1,1
483,Nisha,45,Male,Yearly,2024-02-05,2025-08-31,33,9,1
484,Sneha,20,Male,Yearly,2023-04-25,2025-07-19,39,4,1
485,Neha,51,Male,Quarterly,2023-09-21,2025-04-10,2,4,1
486,Ritu,28,Male,Monthly,2024-06-19,2024-10-21,13,3,1
487,Suresh,53,Other,Quarterly,2023-09-07,2023-12-16,33,1,1
488,Amit,24,Male,Yearly,2023-06-14,2024-11-16,38,3,1
489,Pooja,51,Other,Monthly,2023-04-18,2024-09-11,34,10,1
490,Karan,31,Female,Quarterly,2024-09-10,2026-01-01,19,7,1
491,Karan,37,Other,Yearly,2025-08-06,2025-12-22,11,9,1
492,Suresh,46,Male,Yearly,2024-05-31,2024-08-29,22,6,1
493,Ajay,21,Other,Yearly,2024-11-10,2026-01-08,38,7,1
494,Sneha,49,Male,Quarterly,2023-02-11,2024-10-19,34,1,1
495,Kavita,39,Male,Monthly,2024-04-18,2026-02-14,5,3,1
496,Rahul,19,Male,Monthly,2023-03-05,2025-06-01,32,2,1
497,Nisha,21,Other,Monthly,2024-03-02,2025-01-02,23,10,1
498,Ritu,23,Other,Monthly,2024-07-24,2024-08-25,13,4,1
499,Ritu,36,Female,Quarterly,2024-04-06,2025-08-31,11,7,1
500,Sneha,28,Other,Quarterly,2023-11-05,2026-01-16,3,6,1
501,Deepak,35,Female,Monthly,2025-12-02,2026-02-07,22,3,1
502,Suresh,48,Male,Monthly,2023-03-04,2025-04-29,9,9,1
503,Vikas,38,Male,Yearly,2023-06-30,2025-01-30,2,3,1
504,Priya,21,Female,Monthly,2024-06-08,2025-04-18,26,1,1
505,Deepak,19,Female,Yearly,2025-08-30,2026-01-26,30,5,1
506,Arjun,30,Male,Monthly,2024-07-31,2024-09-01,25,1,1
507,Deepak,49,Female,Yearly,2023-12-03,2026-03-01,12,9,0
508,Vikas,45,Female,Monthly,2024-07-27,2025-12-19,5,10,1
509,Nisha,53,Other,Monthly,2023-03-24,2023-11-27,1,5,1
510,Nisha,33,Male,Monthly,2025-01-11,2025-12-01,20,8,1
511,Anjali,21,Male,Yearly,2024-01-29,2025-07-29,36,1,1
512,Amit,37,Other,Monthly,2023-09-20,2024-08-17,23,1,1
513,Manoj,39,Other,Monthly,2024-05-08,2025-09-15,37,2,1
514,Simran,32,Female,Quarterly,2025-08-29,2026-02-12,12,10,0
515,Rahul,40,Male,Yearly,2023-10-23,2025-06-28,27,3,1
516,Priya,39,Other,Yearly,2024-01-26,2025-06-18,28,4,1
517,Pooja,43,Other,Quarterly,2025-02-01,2025-06-12,18,2,1
518,Ritu,44,Other,Monthly,2024-09-03,2024-09-07,3,8,1
519,Anjali,51,Other,Monthly,2023-06-05,2023-07-23,11,6,1
520,Deepak,34,Male,Quarterly,2023-10-30,2025-12-04,39,3,1
521,Ritu,25,Male,Yearly,2023-07-23,2024-05-20,12,1,1
522,Neha,42,Other,Monthly,2025-09-15,2025-11-27,32,1,1
523,Priya,55,Male,Quarterly,2024-06-07,2025-10-30,10,2,1
524,Anjali,41,Other,Monthly,2024-05-24,2025-03-29,27,1,1
525,Nisha,46,Female,Quarterly,2025-05-20,2025-11-23,35,7,1
526,Arjun,39,Female,Monthly,2025-09-29,2026-03-28,12,8,0
527,Ritu,34,Male,Quarterly,2024-02-05,2024-06-21,6,2,1
528,Arjun,54,Other,Monthly,2023-04-18,2024-06-18,36,8,1
529,Sneha,19,Other,Yearly,2024-12-21,2025-05-05,34,4,1
530,Vikas,35,Other,Monthly,2025-05-30,2026-02-09,6,5,1
531,Sneha,29,Female,Monthly,2024-06-07,2024-12-31,20,7,1
532,Amit,29,Female,Monthly,2023-08-07,2025-09-17,32,9,1
533,Ritu,26,Female,Quarterly,2024-06-12,2025-03-04,30,6,1
534,Neha,53,Female,Yearly,2024-08-12,2025-06-10,4,6,1
535,Ravi,42,Male,Quarterly,2023-11-05,2024-11-08,3,10,1
536,Ajay,48,Male,Monthly,2024-06-05,2025-08-24,18,8,1
537,Kavita,51,Male,Quarterly,2023-06-09,2025-02-28,17,6,1
538,Ravi,50,Male,Monthly,2025-08-16,2026-03-07,6,7,1
539,Simran,21,Male,Yearly,2023-12-28,2024-08-07,2,2,1
540,Simran,37,Male,Monthly,2023-05-06,2024-12-22,29,10,1
541,Ritu,37,Male,Quarterly,2023-07-21,2026-01-09,22,5,1
542,Meena,26,Female,Monthly,2023-04-01,2025-05-28,14,7,1
543,Pooja,54,Other,Yearly,2025-10-10,2026-01-18,40,3,1
544,Rahul,29,Female,Monthly,2025-02-20,2025-12-26,23,4,1
545,Ajay,23,Female,Quarterly,2025-08-30,2025-12-21,3,9,1
546,Simran,18,Female,Yearly,2023-09-10,2024-05-01,11,4,1
547,Arjun,24,Male,Quarterly,2023-05-07,2024-08-04,14,4,1
548,Simran,26,Female,Yearly,2024-01-20,2024-08-08,7,3,1
549,Rahul,45,Male,Yearly,2024-12-23,2025-03-22,4,10,1
550,Simran,19,Female,Monthly,2025-03-31,2025-04-12,15,7,1
551,Sneha,34,Other,Yearly,2025-03-31,2025-12-22,12,6,1
552,Suresh,20,Other,Yearly,2025-12-21,2025-12-23,15,7,1
553,Deepak,43,Male,Quarterly,2025-02-09,2025-04-09,19,7,1
554,Simran,54,Female,Quarterly,2025-07-09,2025-12-18,24,7,1
555,Kavita,46,Male,Quarterly,2025-09-14,2026-03-05,22,9,0
556,Arjun,35,Female,Quarterly,2023-12-30,2024-09-09,30,7,1
557,Suresh,47,Other,Monthly,2025-07-07,2026-01-24,30,3,1
558,Anjali,39,Female,Monthly,2025-03-16,2025-11-17,32,3,1
559,Vikas,55,Female,Monthly,2024-07-11,2025-11-16,10,1,1
560,Ajay,36,Female,Monthly,2025-10-25,2025-12-15,40,6,1
561,Amit,48,Other,Monthly,2025-10-06,2026-03-09,27,5,1
562,Priya,55,Male,Yearly,2023-06-07,2024-07-25,11,7,1
563,Manoj,30,Female,Quarterly,2025-11-26,2026-03-25,12,4,0
564,Suresh,40,Male,Yearly,2024-09-15,2025-02-05,3,1,1
565,Suresh,47,Other,Quarterly,2024-08-12,2025-08-17,24,10,1
566,Rahul,20,Male,Yearly,2025-08-14,2025-09-24,24,7,1
567,Priya,30,Other,Yearly,2024-04-26,2025-10-18,14,3,1
568,Sneha,41,Female,Monthly,2023-08-02,2024-09-19,29,9,1
569,Simran,49,Female,Yearly,2023-05-18,2024-03-19,16,3,1
570,Anjali,51,Female,Quarterly,2023-10-14,2025-06-08,25,6,1
571,Neha,18,Other,Monthly,2023-12-16,2025-06-14,15,6,1
572,Meena,24,Female,Yearly,2025-05-21,2025-07-18,7,10,1
573,Nisha,26,Female,Yearly,2025-07-30,2026-03-26,27,7,0
574,Simran,28,Male,Monthly,2025-07-09,2025-12-30,40,5,1
575,Neha,55,Other,Quarterly,2024-08-23,2025-09-03,8,1,1
576,Priya,29,Male,Quarterly,2025-01-22,2025-09-18,36,2,1
577,Sneha,37,Female,Monthly,2024-11-25,2024-12-10,12,1,1
578,Priya,32,Female,Quarterly,2024-03-23,2025-11-01,7,1,1
579,Manoj,47,Female,Yearly,2024-04-28,2025-07-15,37,7,1
580,Rahul,47,Female,Monthly,2023-05-26,2024-08-14,37,6,1
581,Simran,43,Male,Quarterly,2023-07-04,2023-11-23,5,4,1
582,Simran,47,Female,Yearly,2023-10-26,2026-03-14,16,3,0
583,Amit,46,Female,Yearly,2023-02-22,2025-07-23,33,10,1
584,Amit,36,Other,Yearly,2023-02-01,2024-06-13,23,3,1
585,Vikas,31,Other,Quarterly,2024-06-10,2025-01-07,39,8,1
586,Karan,20,Male,Monthly,2025-10-23,2025-11-05,29,3,1
587,Pooja,22,Female,Yearly,2024-07-07,2026-03-18,15,7,0
588,Neha,27,Female,Yearly,2024-09-12,2024-10-14,17,2,1
589,Priya,41,Male,Quarterly,2023-10-01,2025-01-21,24,6,1
590,Vikas,19,Female,Quarterly,2024-10-19,2025-03-27,4,9,1
591,Arjun,27,Male,Yearly,2025-10-22,2025-12-07,26,6,1
592,Karan,43,Male,Monthly,2024-12-30,2025-05-13,17,3,1
593,Sneha,25,Male,Quarterly,2023-05-20,2024-08-24,21,7,1
594,Rahul,44,Male,Yearly,2024-11-07,2026-03-15,27,9,0
595,Vikas,27,Other,Yearly,2024-11-26,2025-04-08,11,7,1
596,Vikas,53,Female,Monthly,2024-07-19,2024-09-02,39,10,1
597,Priya,46,Male,Yearly,2024-12-01,2025-07-02,16,4,1
598,Ritu,38,Male,Quarterly,2025-05-04,2026-03-31,28,5,0
599,Karan,54,Female,Monthly,2023-07-02,2025-05-30,40,9,1
600,Kavita,35,Male,Yearly,2023-11-12,2025-09-10,38,1,1
601,Ravi,30,Other,Monthly,2025-03-24,2025-10-31,27,10,1
602,Kavita,22,Female,Quarterly,2023-10-29,2025-12-04,5,4,1
603,Meena,28,Other,Yearly,2023-08-28,2024-07-07,26,5,1
604,Karan,42,Male,Monthly,2023-09-25,2025-02-26,18,7,1
605,Ravi,40,Female,Monthly,2025-01-09,2025-11-16,7,7,1
606,Suresh,36,Other,Monthly,2025-10-21,2026-01-29,31,6,1
607,Manoj,41,Female,Yearly,2025-07-05,2025-09-18,8,9,1
608,Vikas,45,Male,Yearly,2025-12-22,2026-01-16,13,1,1
609,Simran,39,Female,Quarterly,2023-01-02,2025-03-04,9,3,1
610,Kavita,27,Male,Quarterly,2023-10-14,2024-02-09,33,3,1
611,Suresh,22,Male,Yearly,2025-08-11,2025-09-28,8,3,1
612,Ritu,34,Male,Quarterly,2024-01-21,2024-12-07,3,3,1
613,Vikas,43,Other,Quarterly,2023-10-18,2025-08-18,31,1,1
614,Rahul,55,Female,Yearly,2024-04-29,2025-09-15,39,6,1
615,Ritu,31,Female,Quarterly,2024-09-06,2025-03-07,15,5,1
616,Neha,36,Other,Quarterly,2023-06-20,2024-07-19,30,4,1
617,Vikas,19,Female,Monthly,2023-03-14,2025-03-29,32,10,1
618,Ajay,29,Other,Monthly,2025-01-08,2025-02-20,2,8,1
619,Nisha,30,Other,Monthly,2023-03-07,2025-03-19,30,1,1
620,Neha,33,Male,Quarterly,2023-09-07,2025-11-30,37,7,1
621,Manoj,39,Female,Monthly,2024-11-21,2025-08-25,20,9,1
622,Pooja,53,Other,Quarterly,2024-12-05,2025-05-31,31,8,1
623,Meena,26,Male,Yearly,2023-01-18,2025-08-19,11,1,1
624,Priya,55,Other,Yearly,2024-12-04,2025-04-25,35,5,1
625,Suresh,40,Male,Quarterly,2025-03-19,2025-12-28,1,3,1
626,Arjun,28,Other,Quarterly,2025-01-01,2025-02-18,14,10,1
627,Simran,33,Other,Yearly,2024-01-09,2025-03-05,18,3,1
628,Neha,51,Other,Yearly,2023-07-11,2026-01-20,2,1,1
629,Ritu,28,Female,Yearly,2023-03-22,2024-03-31,5,1,1
630,Ajay,38,Female,Quarterly,2024-05-24,2025-07-12,2,8,1
631,Ravi,54,Female,Yearly,2024-11-27,2026-03-15,38,2,0
632,Arjun,31,Other,Monthly,2023-04-04,2025-04-24,21,7,1
633,Nisha,24,Female,Monthly,2025-07-07,2025-08-16,27,5,1
634,Nisha,44,Other,Monthly,2023-10-07,2024-02-04,1,4,1
635,Karan,47,Other,Monthly,2025-04-10,2025-11-18,23,7,1
636,Ravi,24,Female,Quarterly,2024-05-04,2024-11-24,10,1,1
637,Rahul,43,Male,Yearly,2023-10-04,2025-09-30,21,6,1
638,Suresh,55,Other,Yearly,2025-12-21,2026-02-06,26,9,0
639,Sneha,40,Other,Yearly,2025-01-01,2025-04-06,31,9,1
640,Nisha,32,Male,Monthly,2025-05-05,2025-11-09,17,8,1
641,Sneha,23,Female,Quarterly,2023-08-01,2023-10-04,25,6,1
642,Ajay,22,Female,Monthly,2024-07-01,2025-12-13,1,10,1
643,Ravi,52,Male,Monthly,2023-03-22,2025-01-15,25,10,1
644,Arjun,42,Male,Quarterly,2024-06-26,2024-10-27,18,10,1
645,Neha,25,Male,Yearly,2023-06-02,2024-08-27,24,9,1
646,Ajay,47,Female,Quarterly,2023-05-13,2026-01-13,33,10,1
647,Rahul,51,Other,Yearly,2023-12-05,2025-10-18,38,4,1
648,Manoj,32,Male,Yearly,2023-10-30,2024-09-22,3,6,1
649,Suresh,49,Male,Yearly,2023-09-07,2024-03-25,25,5,1
650,Arjun,52,Female,Quarterly,2024-09-10,2024-12-02,22,5,1
651,Nisha,25,Other,Monthly,2023-12-20,2025-07-03,16,2,1
652,Rahul,55,Other,Monthly,2025-10-11,2025-10-14,32,5,1
653,Kavita,54,Male,Quarterly,2023-03-20,2025-11-26,37,2,1
654,Pooja,20,Female,Yearly,2024-01-17,2024-04-18,12,10,1
655,Vikas,31,Female,Yearly,2023-04-05,2024-05-16,25,3,1
656,Simran,36,Female,Monthly,2024-07-07,2026-02-24,31,6,0
657,Ajay,54,Male,Quarterly,2023-12-27,2024-07-20,4,2,1
658,Kavita,48,Male,Quarterly,2025-12-26,2026-01-06,1,3,1
659,Suresh,39,Other,Monthly,2025-07-29,2026-01-19,20,1,1
660,Karan,40,Male,Yearly,2024-12-27,2025-11-13,10,4,1
661,Karan,43,Male,Yearly,2025-01-12,2025-03-10,34,2,1
662,Arjun,35,Male,Quarterly,2023-12-27,2025-10-18,33,8,1
663,Amit,52,Male,Quarterly,2024-07-15,2024-11-23,32,5,1
664,Deepak,42,Male,Monthly,2024-03-15,2025-04-17,1,6,1
665,Ajay,33,Male,Yearly,2024-05-14,2025-08-21,35,8,1
666,Rahul,31,Male,Yearly,2025-06-19,2025-10-05,8,4,1
667,Priya,26,Male,Yearly,2025-04-09,2026-03-15,13,5,0
668,Priya,32,Other,Monthly,2024-04-02,2024-08-08,3,3,1
669,Pooja,22,Other,Quarterly,2024-06-13,2025-10-18,25,3,1
670,Vikas,46,Other,Monthly,2025-10-29,2025-11-12,2,4,1
671,Neha,50,Male,Yearly,2024-05-31,2024-08-07,32,1,1
672,Arjun,20,Male,Yearly,2023-10-10,2024-10-17,2,10,1
673,Pooja,26,Female,Yearly,2024-04-22,2025-04-30,17,9,1
674,Sneha,44,Female,Quarterly,2025-10-01,2025-11-08,37,4,1
675,Manoj,51,Male,Yearly,2025-07-28,2026-03-05,29,1,0
676,Karan,24,Other,Quarterly,2025-06-03,2025-06-24,4,8,1
677,Neha,38,Female,Yearly,2023-01-09,2025-03-01,9,9,1
678,Rahul,42,Other,Quarterly,2024-04-16,2025-12-28,2,3,1
679,Suresh,50,Male,Monthly,2023-01-21,2024-10-21,15,10,1
680,Simran,50,Other,Quarterly,2023-07-06,2025-10-19,39,3,1
681,Ajay,55,Other,Quarterly,2024-07-18,2025-07-03,25,6,1
682,Nisha,24,Male,Quarterly,2024-09-09,2025-10-17,34,7,1
683,Vikas,32,Female,Yearly,2023-07-27,2025-08-11,13,1,1
684,Ajay,22,Male,Yearly,2025-03-20,2026-02-24,8,6,0
685,Neha,22,Other,Quarterly,2024-06-10,2025-03-16,32,9,1
686,Sneha,37,Male,Quarterly,2024-06-16,2024-11-11,29,3,1
687,Rahul,54,Male,Quarterly,2024-01-12,2025-11-19,27,10,1
688,Priya,46,Female,Quarterly,2025-12-08,2026-02-09,40,2,0
689,Priya,49,Female,Yearly,2024-05-25,2026-01-03,9,1,1
690,Deepak,40,Male,Quarterly,2025-03-19,2026-03-09,13,8,0
691,Manoj,48,Other,Quarterly,2023-01-11,2023-05-04,28,1,1
692,Priya,29,Female,Monthly,2023-08-24,2024-10-30,6,1,1
693,Amit,24,Male,Yearly,2025-10-20,2025-12-29,34,10,1
694,Rahul,23,Male,Quarterly,2023-11-27,2024-06-03,18,1,1
695,Ajay,32,Other,Quarterly,2024-11-07,2025-04-20,32,6,1
696,Nisha,40,Other,Yearly,2025-06-09,2026-01-26,9,8,1
697,Meena,48,Female,Yearly,2023-11-25,2026-03-10,24,2,0
698,Sneha,20,Other,Monthly,2024-06-22,2026-01-26,6,4,1
699,Ajay,26,Female,Quarterly,2025-12-31,2026-01-24,11,3,1
700,Meena,34,Male,Quarterly,2023-03-06,2023-12-23,24,4,1
701,Sneha,43,Female,Yearly,2023-02-10,2025-11-18,31,10,1
702,Manoj,33,Female,Yearly,2025-12-18,2026-02-13,1,7,0
703,Ravi,33,Other,Monthly,2023-07-27,2025-08-17,9,9,1
704,Vikas,22,Other,Monthly,2025-06-18,2026-03-03,22,7,0
705,Karan,33,Male,Monthly,2025-05-09,2025-06-23,29,4,1
706,Neha,48,Male,Monthly,2025-08-28,2025-09-23,18,7,1
707,Deepak,48,Female,Quarterly,2023-09-19,2025-12-25,26,5,1
708,Priya,43,Female,Monthly,2023-09-24,2025-11-12,10,4,1
709,Manoj,26,Other,Yearly,2023-07-23,2026-01-12,32,1,1
710,Ravi,55,Female,Yearly,2024-11-26,2025-12-17,1,6,1
711,Ajay,29,Male,Yearly,2023-02-22,2023-05-07,16,9,1
712,Sneha,33,Other,Quarterly,2025-10-15,2025-10-19,4,5,1
713,Manoj,46,Female,Quarterly,2023-05-24,2023-08-19,16,7,1
714,Neha,24,Female,Quarterly,2023-10-30,2024-01-24,1,7,1
715,Karan,28,Male,Quarterly,2025-02-15,2026-01-09,18,5,1
716,Kavita,34,Female,Yearly,2023-12-31,2025-05-27,14,3,1
717,Pooja,35,Male,Monthly,2023-10-12,2024-09-24,8,9,1
718,Suresh,40,Male,Monthly,2023-04-29,2024-02-05,11,5,1
719,Rahul,32,Male,Monthly,2025-12-26,2026-03-14,34,7,0
720,Meena,52,Other,Monthly,2025-03-29,2025-07-18,21,8,1
721,Priya,46,Male,Monthly,2024-05-06,2025-04-25,27,9,1
722,Rahul,44,Male,Monthly,2025-07-27,2025-10-12,22,8,1
723,Priya,23,Female,Yearly,2024-01-27,2025-10-07,31,1,1
724,Arjun,22,Male,Yearly,2025-11-13,2025-11-24,10,2,1
725,Deepak,55,Other,Monthly,2025-11-02,2026-01-12,16,9,1
726,Anjali,32,Other,Monthly,2025-06-21,2025-11-25,3,8,1
727,Ravi,51,Female,Monthly,2025-07-28,2026-03-13,26,10,0
728,Simran,40,Other,Yearly,2025-11-01,2025-12-30,36,10,1
729,Sneha,18,Female,Yearly,2025-10-10,2025-11-05,30,9,1
730,Ravi,36,Female,Quarterly,2025-09-15,2026-02-06,32,3,0
731,Simran,52,Other,Yearly,2024-12-03,2024-12-07,24,9,1
732,Deepak,47,Male,Monthly,2024-01-20,2025-02-12,26,3,1
733,Arjun,39,Male,Yearly,2025-10-29,2025-12-06,35,4,1
734,Vikas,38,Female,Quarterly,2023-07-23,2023-07-23,27,5,1
735,Anjali,43,Male,Yearly,2025-07-08,2026-01-11,16,1,1
736,Pooja,53,Female,Yearly,2025-08-31,2026-02-17,38,4,0
737,Karan,52,Female,Yearly,2025-09-22,2025-10-10,29,4,1
738,Manoj,46,Male,Monthly,2024-08-16,2025-12-01,26,7,1
739,Kavita,27,Male,Monthly,2025-11-22,2026-03-11,21,4,1
740,Pooja,40,Female,Yearly,2023-05-24,2024-04-24,6,10,1
741,Meena,19,Female,Monthly,2024-06-09,2025-02-10,7,7,1
742,Suresh,44,Other,Quarterly,2025-03-05,2025-07-05,26,4,1
743,Karan,43,Male,Yearly,2024-07-15,2026-03-25,23,1,0
744,Karan,53,Female,Yearly,2024-12-30,2026-01-22,17,1,1
745,Arjun,37,Male,Quarterly,2025-12-09,2025-12-16,22,1,1
746,Neha,54,Male,Monthly,2024-09-17,2024-12-24,40,6,1
747,Meena,32,Other,Quarterly,2025-03-23,2025-09-14,15,9,1
748,Deepak,29,Other,Quarterly,2024-06-13,2025-08-31,5,6,1
749,Nisha,26,Other,Monthly,2024-05-09,2024-12-06,31,5,1
750,Vikas,42,Female,Yearly,2024-02-28,2025-05-05,18,3,1
751,Simran,32,Other,Quarterly,2023-12-14,2024-07-26,1,1,1
752,Ajay,51,Female,Monthly,2025-09-28,2025-09-30,25,5,1
753,Nisha,53,Female,Quarterly,2024-08-03,2025-07-11,17,3,1
754,Simran,20,Male,Yearly,2023-11-26,2025-11-05,6,9,1
755,Meena,24,Other,Monthly,2025-05-08,2025-10-10,30,9,1
756,Neha,26,Other,Quarterly,2025-06-12,2025-06-15,21,5,1
757,Deepak,43,Male,Monthly,2025-12-16,2026-02-24,10,6,0
758,Rahul,55,Male,Quarterly,2025-12-24,2026-03-15,16,2,0
759,Anjali,55,Other,Quarterly,2023-07-09,2025-04-10,24,1,1
760,Anjali,45,Female,Yearly,2025-06-30,2025-11-13,28,6,1
761,Sneha,45,Female,Monthly,2023-12-02,2025-07-06,25,10,1
762,Anjali,22,Other,Quarterly,2024-05-19,2025-05-24,14,10,1
763,Vikas,41,Male,Monthly,2023-06-27,2025-09-06,28,2,1
764,Rahul,31,Male,Quarterly,2025-12-04,2026-03-17,19,5,0
765,Manoj,41,Male,Yearly,2023-08-31,2023-09-28,25,5,1
766,Manoj,46,Female,Yearly,2023-12-30,2024-05-31,25,1,1
767,Ajay,53,Other,Yearly,2025-05-10,2025-11-25,1,6,1
768,Rahul,37,Male,Yearly,2024-08-30,2024-09-03,31,8,1
769,Nisha,50,Female,Yearly,2025-10-30,2026-02-18,23,6,0
770,Rahul,33,Male,Monthly,2024-11-12,2025-11-08,22,4,1
771,Deepak,27,Female,Monthly,2024-03-30,2025-12-15,18,9,1
772,Pooja,47,Other,Quarterly,2025-04-09,2025-08-06,35,1,1
773,Nisha,34,Male,Monthly,2024-06-06,2024-08-30,22,8,1
774,Simran,48,Other,Monthly,2025-01-10,2026-02-06,13,7,1
775,Karan,45,Other,Monthly,2025-12-11,2026-03-25,31,6,0
776,Vikas,52,Male,Monthly,2024-03-17,2025-12-24,22,1,1
777,Kavita,19,Female,Yearly,2024-03-07,2025-05-09,12,1,1
778,Ajay,46,Other,Monthly,2024-02-15,2025-12-21,10,4,1
779,Rahul,54,Male,Quarterly,2024-12-29,2025-05-27,33,8,1
780,Nisha,42,Male,Monthly,2023-12-19,2024-05-04,18,8,1
781,Nisha,47,Male,Monthly,2024-10-04,2025-03-31,7,9,1
782,Ravi,27,Male,Monthly,2024-09-22,2025-01-15,16,2,1
783,Ravi,35,Male,Quarterly,2024-06-10,2025-02-03,35,8,1
784,Suresh,53,Male,Quarterly,2023-06-02,2024-05-04,9,5,1
785,Suresh,55,Other,Yearly,2025-08-13,2025-12-11,16,1,1
786,Kavita,41,Female,Quarterly,2024-02-12,2024-08-22,7,5,1
787,Neha,54,Male,Monthly,2024-11-13,2025-05-12,9,7,1
788,Suresh,40,Other,Quarterly,2023-01-03,2024-02-12,37,2,1
789,Nisha,27,Other,Monthly,2023-06-13,2025-06-16,27,8,1
790,Ritu,43,Male,Quarterly,2024-08-17,2025-11-05,30,2,1
791,Ajay,25,Other,Monthly,2023-06-21,2025-08-30,27,5,1
792,Neha,23,Female,Yearly,2023-11-03,2025-05-20,39,10,1
793,Sneha,26,Male,Quarterly,2024-09-04,2025-09-18,19,3,1
794,Rahul,37,Male,Quarterly,2023-04-10,2025-05-05,38,10,1
795,Nisha,35,Other,Quarterly,2024-06-05,2025-06-15,21,2,1
796,Arjun,37,Other,Monthly,2024-03-16,2024-10-17,26,10,1
797,Rahul,40,Other,Monthly,2023-10-29,2025-06-21,28,8,1
798,Priya,45,Female,Monthly,2023-04-20,2025-03-01,26,3,1
799,Priya,37,Other,Yearly,2024-06-26,2024-07-16,40,9,1
800,Meena,38,Other,Yearly,2025-05-13,2025-07-08,24,6,1
801,Karan,32,Other,Monthly,2023-12-11,2025-10-26,2,8,1
802,Ajay,30,Male,Quarterly,2024-01-28,2024-05-24,5,5,1
803,Pooja,49,Male,Yearly,2023-05-05,2025-08-03,14,6,1
804,Deepak,26,Male,Yearly,2025-09-20,2026-02-21,27,10,0
805,Vikas,35,Other,Yearly,2023-04-22,2026-03-23,32,5,0
806,Amit,29,Other,Quarterly,2024-09-04,2026-01-16,34,4,1
807,Suresh,35,Other,Monthly,2024-02-09,2024-02-23,37,2,1
808,Neha,54,Male,Quarterly,2025-10-13,2025-10-22,1,5,1
809,Amit,45,Male,Monthly,2025-12-24,2026-01-18,36,4,1
810,Amit,20,Other,Monthly,2023-11-27,2024-08-26,11,9,1
811,Sneha,47,Other,Quarterly,2025-12-08,2026-01-26,30,4,1
812,Arjun,55,Male,Monthly,2023-02-20,2024-06-27,32,3,1
813,Deepak,34,Other,Quarterly,2023-05-09,2024-12-20,29,9,1
814,Anjali,38,Female,Quarterly,2025-11-18,2026-01-03,12,2,1
815,Karan,19,Female,Quarterly,2023-07-23,2024-01-08,20,10,1
816,Anjali,33,Male,Quarterly,2025-01-20,2025-07-27,24,10,1
817,Neha,44,Male,Monthly,2025-05-11,2026-01-30,6,10,1
818,Amit,30,Female,Yearly,2025-10-19,2026-03-10,24,8,0
819,Neha,41,Other,Yearly,2024-10-22,2025-04-28,10,7,1
820,Arjun,38,Male,Yearly,2024-03-14,2024-08-26,3,3,1
821,Neha,39,Other,Monthly,2025-11-20,2026-02-04,36,4,1
822,Anjali,31,Male,Yearly,2023-03-21,2025-04-05,9,2,1
823,Anjali,54,Other,Yearly,2023-02-20,2025-04-23,21,7,1
824,Karan,27,Male,Monthly,2025-05-21,2025-06-03,24,10,1
825,Ravi,47,Other,Monthly,2023-02-03,2025-06-29,40,4,1
826,Nisha,49,Male,Yearly,2025-09-07,2026-02-18,13,3,0
827,Pooja,23,Other,Yearly,2024-11-23,2026-03-07,14,2,0
828,Suresh,19,Other,Quarterly,2023-12-16,2024-05-23,22,3,1
829,Ritu,35,Male,Monthly,2024-02-04,2025-04-24,9,9,1
830,Anjali,23,Male,Yearly,2024-08-25,2025-08-04,16,5,1
831,Rahul,47,Other,Monthly,2023-02-05,2024-12-08,40,4,1
832,Nisha,22,Male,Yearly,2023-10-03,2024-02-29,8,7,1
833,Priya,41,Other,Yearly,2023-11-14,2024-05-10,23,2,1
834,Ajay,44,Other,Quarterly,2025-08-15,2025-11-08,24,6,1
835,Vikas,35,Female,Quarterly,2023-11-30,2025-03-18,37,9,1
836,Sneha,41,Male,Monthly,2025-08-01,2025-11-22,29,8,1
837,Karan,22,Male,Monthly,2024-07-20,2025-01-11,34,6,1
838,Ajay,31,Female,Quarterly,2023-04-26,2023-07-19,21,2,1
839,Ajay,43,Other,Quarterly,2023-09-30,2023-11-15,35,8,1
840,Ravi,24,Male,Quarterly,2025-03-13,2026-01-26,23,1,1
841,Manoj,45,Male,Monthly,2024-06-06,2024-08-20,17,4,1
842,Amit,19,Male,Monthly,2025-11-26,2026-02-24,25,7,0
843,Suresh,49,Male,Quarterly,2023-08-16,2025-06-08,2,6,1
844,Nisha,32,Female,Quarterly,2023-04-03,2023-11-21,16,2,1
845,Karan,21,Other,Monthly,2024-07-26,2024-11-24,25,3,1
846,Kavita,39,Male,Quarterly,2025-10-06,2025-10-29,11,4,1
847,Ravi,44,Male,Yearly,2024-02-05,2026-01-16,19,9,1
848,Vikas,40,Female,Quarterly,2025-05-11,2025-05-28,7,8,1
849,Deepak,26,Male,Quarterly,2023-08-08,2026-03-25,4,9,0
850,Suresh,52,Female,Monthly,2024-08-18,2025-03-02,21,2,1
851,Priya,21,Female,Yearly,2025-07-01,2025-09-20,5,4,1
852,Deepak,39,Other,Monthly,2024-06-16,2025-08-20,5,8,1
853,Neha,26,Female,Monthly,2023-10-12,2024-05-25,25,4,1
854,Nisha,41,Other,Yearly,2025-05-28,2025-07-12,22,6,1
855,Ajay,45,Female,Monthly,2023-12-22,2024-05-12,2,10,1
856,Kavita,48,Other,Quarterly,2024-07-29,2024-07-31,20,8,1
857,Suresh,22,Other,Quarterly,2025-10-24,2026-01-16,17,10,1
858,Meena,48,Other,Yearly,2024-09-12,2025-03-27,6,3,1
859,Manoj,25,Male,Yearly,2023-11-20,2025-07-07,4,8,1
860,Rahul,28,Female,Yearly,2025-07-01,2025-09-07,31,1,1
861,Priya,41,Other,Quarterly,2025-09-23,2025-11-04,39,6,1
862,Vikas,22,Female,Quarterly,2023-11-23,2025-04-28,7,6,1
863,Neha,43,Female,Monthly,2023-12-24,2026-03-21,3,7,1
864,Neha,53,Male,Monthly,2025-12-13,2026-03-15,7,9,1
865,Priya,46,Other,Quarterly,2024-03-08,2025-01-06,25,7,1
866,Meena,52,Male,Quarterly,2025-05-25,2025-07-20,33,7,1
867,Neha,51,Male,Quarterly,2023-12-10,2026-03-29,6,1,0
868,Arjun,51,Female,Quarterly,2024-03-12,2025-05-15,29,2,1
869,Kavita,20,Male,Quarterly,2025-10-18,2026-03-05,40,1,0
870,Neha,52,Male,Monthly,2025-06-18,2025-10-14,21,4,1
871,Simran,32,Female,Monthly,2024-10-31,2024-11-21,39,2,1
872,Neha,38,Female,Quarterly,2025-08-03,2026-02-10,37,1,0
873,Arjun,43,Other,Monthly,2024-10-07,2025-01-05,33,4,1
874,Ajay,48,Other,Quarterly,2025-01-30,2025-11-05,21,1,1
875,Anjali,50,Male,Yearly,2025-06-25,2025-07-15,10,1,1
876,Ravi,39,Female,Yearly,2023-04-27,2025-07-31,16,5,1
877,Priya,28,Female,Quarterly,2024-10-18,2025-06-01,32,10,1
878,Pooja,18,Female,Quarterly,2023-04-02,2023-11-27,25,1,1
879,Sneha,40,Female,Monthly,2023-12-30,2025-10-12,2,6,1
880,Ritu,18,Male,Yearly,2024-08-12,2026-02-15,26,7,0
881,Anjali,44,Other,Monthly,2023-08-08,2024-01-04,35,8,1
882,Karan,48,Other,Yearly,2024-12-07,2025-09-09,14,10,1
883,Suresh,47,Female,Yearly,2025-06-19,2026-01-18,39,5,1
884,Rahul,25,Female,Quarterly,2025-03-03,2025-04-15,40,8,1
885,Ritu,55,Other,Quarterly,2024-07-03,2024-10-29,7,10,1
886,Ritu,46,Other,Yearly,2023-06-19,2024-12-07,27,4,1
887,Suresh,49,Female,Monthly,2024-04-11,2025-09-30,11,6,1
888,Arjun,24,Male,Quarterly,2024-02-27,2026-02-15,7,7,0
889,Nisha,34,Male,Yearly,2024-10-16,2025-03-26,36,1,1
890,Amit,35,Male,Yearly,2023-06-23,2025-02-20,27,4,1
891,Neha,53,Female,Quarterly,2023-06-10,2024-09-06,29,5,1
892,Rahul,39,Other,Yearly,2023-03-15,2025-11-14,23,4,1
893,Ajay,28,Other,Yearly,2023-08-15,2025-02-07,29,3,1
894,Priya,51,Female,Yearly,2024-08-28,2025-06-29,39,5,1
895,Arjun,30,Other,Yearly,2024-05-08,2025-03-05,19,9,1
896,Anjali,39,Female,Yearly,2024-12-30,2025-04-16,17,2,1
897,Sneha,39,Female,Quarterly,2025-03-20,2025-03-27,31,1,1
898,Manoj,35,Female,Yearly,2025-01-17,2025-03-10,25,7,1
899,Meena,48,Other,Yearly,2025-11-17,2026-03-03,9,9,0
900,Rahul,37,Other,Quarterly,2024-11-22,2025-11-05,10,7,1
901,Deepak,25,Other,Quarterly,2023-02-24,2023-11-16,14,4,1
902,Rahul,40,Other,Quarterly,2023-08-15,2023-10-28,24,5,1
903,Simran,19,Female,Quarterly,2024-03-29,2024-11-06,34,9,1
904,Ravi,42,Female,Yearly,2023-10-12,2025-03-10,38,8,1
905,Deepak,26,Other,Yearly,2025-02-06,2025-07-18,4,1,1
906,Deepak,33,Male,Quarterly,2024-07-05,2025-10-12,32,2,1
907,Suresh,55,Other,Quarterly,2023-06-05,2024-07-23,40,6,1
908,Anjali,33,Female,Yearly,2024-08-13,2026-03-11,30,2,0
909,Ritu,55,Male,Yearly,2025-06-20,2026-04-01,26,3,0
910,Amit,32,Other,Yearly,2024-09-03,2024-11-09,29,7,1
911,Neha,55,Male,Yearly,2023-07-02,2025-04-26,24,2,1
912,Anjali,51,Male,Monthly,2025-02-14,2025-10-03,9,6,1
913,Simran,19,Other,Quarterly,2025-08-07,2025-11-05,7,1,1
914,Sneha,47,Female,Monthly,2024-03-19,2026-02-22,15,3,1
915,Suresh,32,Male,Monthly,2025-06-09,2025-10-11,14,2,1
916,Sneha,29,Male,Yearly,2024-05-02,2026-03-03,17,6,0
917,Deepak,25,Male,Yearly,2023-08-03,2023-12-26,10,5,1
918,Ravi,44,Other,Quarterly,2023-04-10,2025-08-05,10,8,1
919,Rahul,51,Male,Yearly,2025-01-19,2025-05-04,23,7,1
920,Sneha,19,Female,Quarterly,2023-10-15,2025-08-19,10,5,1
921,Pooja,28,Female,Quarterly,2023-01-02,2024-04-07,25,6,1
922,Manoj,36,Female,Monthly,2025-04-16,2026-01-30,21,5,1
923,Arjun,41,Female,Quarterly,2025-11-22,2026-03-05,15,10,0
924,Ritu,22,Female,Monthly,2025-10-08,2025-12-22,3,9,1
925,Neha,30,Male,Yearly,2025-02-16,2025-06-07,40,8,1
926,Simran,47,Male,Quarterly,2023-07-20,2025-12-05,18,1,1
927,Kavita,52,Female,Quarterly,2023-05-02,2025-01-18,27,3,1
928,Anjali,28,Female,Monthly,2025-01-13,2025-08-28,32,7,1
929,Karan,55,Other,Quarterly,2024-10-08,2025-03-25,26,7,1
930,Suresh,21,Other,Quarterly,2023-12-30,2024-10-16,28,10,1
931,Priya,34,Female,Quarterly,2025-11-24,2026-01-01,19,6,1
932,Neha,49,Female,Quarterly,2025-07-09,2026-01-12,4,1,1
933,Meena,41,Female,Monthly,2023-01-01,2025-12-24,17,8,1
934,Deepak,32,Other,Yearly,2024-06-13,2024-09-11,7,3,1
935,Meena,22,Male,Quarterly,2025-05-14,2025-12-06,40,1,1
936,Amit,42,Other,Monthly,2024-12-30,2026-02-01,19,1,1
937,Nisha,29,Other,Quarterly,2024-09-07,2025-03-21,4,1,1
938,Simran,31,Male,Yearly,2024-09-26,2025-09-29,10,2,1
939,Meena,35,Male,Quarterly,2023-06-20,2025-12-25,27,8,1
940,Pooja,40,Female,Yearly,2023-01-23,2026-03-11,3,6,0
941,Ajay,23,Other,Yearly,2025-02-11,2025-11-15,9,2,1
942,Ajay,19,Female,Monthly,2024-11-13,2026-01-09,8,4,1
943,Rahul,48,Female,Quarterly,2024-08-23,2026-01-07,12,10,1
944,Pooja,24,Male,Quarterly,2025-05-10,2026-03-21,34,10,0
945,Manoj,29,Female,Monthly,2023-05-23,2023-07-24,6,9,1
946,Ajay,54,Male,Monthly,2024-12-15,2025-08-23,16,10,1
947,Deepak,25,Male,Yearly,2023-04-17,2025-12-07,38,9,1
948,Vikas,36,Other,Quarterly,2025-06-23,2025-08-17,20,10,1
949,Rahul,23,Male,Yearly,2023-07-07,2026-01-21,37,4,1
950,Amit,29,Female,Yearly,2023-10-27,2025-09-12,33,9,1
951,Ajay,35,Male,Yearly,2025-05-03,2025-06-20,3,10,1
952,Deepak,18,Female,Monthly,2023-10-05,2025-12-25,28,1,1
953,Nisha,28,Male,Monthly,2024-03-08,2024-07-15,5,10,1
954,Meena,55,Male,Monthly,2024-09-15,2024-10-15,21,3,1
955,Kavita,50,Other,Quarterly,2023-09-09,2025-01-10,21,5,1
956,Anjali,35,Female,Yearly,2025-12-20,2026-01-04,15,6,1
957,Sneha,28,Female,Yearly,2025-03-02,2025-07-29,37,3,1
958,Manoj,43,Other,Yearly,2023-08-31,2025-07-27,6,1,1
959,Ajay,37,Female,Quarterly,2025-02-24,2026-03-02,31,4,0
960,Rahul,43,Female,Yearly,2023-01-03,2025-11-25,20,7,1
961,Manoj,23,Female,Yearly,2024-05-22,2024-10-04,26,6,1
962,Rahul,50,Female,Yearly,2023-02-06,2025-03-22,36,9,1
963,Arjun,44,Other,Monthly,2024-01-06,2026-01-13,3,3,1
964,Ajay,47,Female,Yearly,2023-06-24,2025-07-20,23,2,1
965,Amit,54,Male,Yearly,2023-06-19,2024-06-25,35,4,1
966,Nisha,29,Female,Quarterly,2024-06-12,2025-01-13,37,1,1
967,Sneha,52,Female,Monthly,2024-04-21,2025-09-11,32,5,1
968,Priya,30,Other,Quarterly,2023-07-20,2025-10-03,27,5,1
969,Nisha,22,Male,Yearly,2023-12-01,2025-02-28,19,10,1
970,Sneha,29,Other,Yearly,2025-01-22,2025-04-08,20,10,1
971,Kavita,27,Female,Quarterly,2025-06-24,2025-12-09,26,8,1
972,Arjun,22,Other,Monthly,2023-01-13,2025-08-27,16,6,1
973,Suresh,21,Female,Quarterly,2023-11-18,2024-07-25,20,4,1
974,Ajay,29,Other,Quarterly,2024-12-30,2025-07-01,17,9,1
975,Ravi,22,Male,Monthly,2025-03-27,2025-06-13,18,10,1
976,Karan,24,Other,Monthly,2025-06-10,2025-08-19,20,4,1
977,Neha,23,Male,Quarterly,2025-10-16,2026-03-06,23,6,0
978,Manoj,49,Other,Monthly,2025-05-09,2025-10-26,4,8,1
979,Nisha,23,Female,Monthly,2023-09-17,2024-08-17,36,1,1
980,Vikas,30,Male,Quarterly,2024-01-19,2025-01-12,33,4,1
981,Neha,51,Other,Monthly,2023-02-10,2023-08-03,27,3,1
982,Manoj,45,Other,Monthly,2025-05-23,2025-07-02,7,10,1
983,Ravi,43,Male,Monthly,2025-01-19,2026-01-05,23,9,1
984,Amit,23,Female,Quarterly,2025-04-27,2025-12-23,9,5,1
985,Neha,38,Female,Quarterly,2025-08-24,2025-08-29,7,8,1
986,Simran,41,Male,Yearly,2023-04-21,2023-09-01,29,2,1
987,Sneha,21,Male,Yearly,2023-02-22,2025-06-28,26,2,1
988,Kavita,38,Female,Yearly,2023-04-30,2025-09-03,5,8,1
989,Simran,48,Male,Monthly,2025-09-13,2026-03-16,29,9,0
990,Ajay,36,Female,Yearly,2024-11-16,2025-03-20,18,6,1
991,Kavita,40,Female,Monthly,2023-05-30,2024-06-11,23,4,1
992,Ravi,50,Other,Yearly,2025-11-14,2026-02-21,14,4,0
993,Ritu,24,Female,Yearly,2024-03-23,2025-03-04,3,1,1
994,Meena,26,Other,Quarterly,2024-05-11,2024-07-18,24,2,1
995,Vikas,18,Female,Yearly,2024-02-08,2024-10-01,30,10,1
996,Anjali,18,Other,Yearly,2024-04-06,2024-10-16,28,1,1
997,Meena,33,Female,Yearly,2023-01-19,2025-01-25,10,4,1
998,Ritu,22,Female,Quarterly,2024-10-20,2025-09-05,4,3,1
999,Ravi,37,Female,Yearly,2023-06-02,2024-12-03,20,9,1
1000,Karan,49,Other,Quarterly,2024-09-29,2024-09-29,11,5,1
1001,Meena,24,Male,Yearly,2025-01-15,2025-07-14,22,9,1
1002,Neha,29,Male,Quarterly,2025-07-18,2026-03-17,14,6,0
1003,Neha,43,Other,Monthly,2023-05-01,2023-07-24,1,7,1
1004,Ritu,25,Other,Monthly,2025-02-03,2025-11-29,19,4,1
1005,Rahul,41,Other,Yearly,2023-07-28,2025-05-26,33,7,1
1006,Ritu,46,Female,Quarterly,2024-08-12,2025-01-21,11,5,1
1007,Ritu,24,Male,Quarterly,2023-09-02,2025-04-28,14,4,1
1008,Sneha,52,Male,Yearly,2024-06-29,2024-08-28,18,4,1
1009,Ravi,35,Female,Yearly,2025-05-15,2025-06-02,19,9,1
1010,Pooja,53,Other,Quarterly,2023-09-12,2023-10-19,38,6,1
1011,Priya,24,Other,Yearly,2024-04-18,2025-03-22,17,1,1
1012,Ritu,44,Other,Quarterly,2024-09-01,2025-03-26,5,4,1
1013,Karan,46,Female,Yearly,2025-04-15,2025-10-19,39,4,1
1014,Anjali,32,Other,Yearly,2024-06-05,2026-02-20,29,1,0
1015,Meena,42,Male,Quarterly,2023-02-17,2023-09-06,15,7,1
1016,Nisha,20,Female,Quarterly,2025-04-18,2025-07-07,11,8,1
1017,Karan,24,Other,Yearly,2024-11-21,2025-01-03,22,10,1
1018,Neha,37,Female,Monthly,2024-12-02,2025-02-03,24,8,1
1019,Nisha,25,Female,Yearly,2023-10-20,2023-12-19,17,4,1
1020,Karan,37,Other,Yearly,2023-05-07,2025-01-23,11,9,1
1021,Suresh,42,Male,Quarterly,2025-11-19,2025-12-13,33,9,1
1022,Arjun,44,Male,Monthly,2023-05-28,2025-02-07,30,5,1
1023,Kavita,37,Male,Yearly,2024-09-12,2025-04-28,28,7,1
1024,Suresh,19,Other,Quarterly,2023-11-12,2026-04-01,19,1,0
1025,Nisha,40,Male,Yearly,2024-03-28,2024-10-19,24,6,1
1026,Ravi,33,Other,Monthly,2025-07-04,2025-09-27,40,8,1
1027,Manoj,37,Female,Quarterly,2025-09-17,2026-03-26,26,6,0
1028,Amit,31,Other,Yearly,2025-11-05,2026-03-09,13,2,0
1029,Ritu,18,Other,Monthly,2025-07-19,2026-03-07,29,4,1
1030,Nisha,46,Other,Yearly,2023-04-19,2025-12-30,29,3,1
1031,Deepak,33,Other,Yearly,2025-04-14,2025-11-16,37,3,1
1032,Anjali,44,Female,Yearly,2024-02-24,2025-06-13,27,9,1
1033,Pooja,33,Other,Yearly,2025-01-21,2025-09-13,25,10,1
1034,Suresh,40,Female,Yearly,2025-09-24,2026-02-17,38,8,0
1035,Arjun,34,Other,Monthly,2023-02-26,2025-11-21,13,5,1
1036,Suresh,29,Female,Monthly,2024-04-09,2024-09-16,29,10,1
1037,Ravi,33,Female,Monthly,2023-12-13,2025-01-26,39,10,1
1038,Ritu,52,Female,Yearly,2025-10-21,2025-12-02,31,5,1
1039,Ravi,42,Female,Yearly,2024-09-13,2025-03-16,21,2,1
1040,Priya,30,Male,Yearly,2025-05-25,2025-08-19,1,7,1
1041,Deepak,36,Male,Quarterly,2025-09-10,2026-02-06,10,9,0
1042,Karan,38,Male,Monthly,2024-10-27,2025-11-12,17,8,1
1043,Manoj,22,Female,Yearly,2025-01-31,2025-03-17,11,6,1
1044,Pooja,28,Female,Monthly,2023-11-28,2025-01-25,36,9,1
1045,Simran,37,Female,Yearly,2023-12-06,2024-01-01,6,7,1
1046,Sneha,24,Male,Yearly,2023-10-04,2024-02-26,35,6,1
1047,Nisha,49,Other,Yearly,2023-06-02,2023-10-23,35,4,1
1048,Nisha,42,Other,Monthly,2023-07-17,2024-09-22,17,8,1
1049,Priya,48,Male,Monthly,2023-03-01,2025-10-15,40,6,1
1050,Karan,23,Other,Yearly,2024-06-21,2024-10-28,3,10,1
1051,Karan,18,Male,Monthly,2025-08-07,2026-03-21,11,10,0
1052,Deepak,50,Other,Monthly,2025-09-23,2025-09-27,15,1,1
1053,Neha,46,Other,Monthly,2023-12-25,2025-09-14,22,3,1
1054,Karan,28,Other,Quarterly,2023-04-08,2024-10-06,36,2,1
1055,Ravi,51,Male,Quarterly,2024-03-08,2024-11-20,20,7,1
1056,Sneha,55,Male,Quarterly,2025-05-12,2025-08-07,9,1,1
1057,Ravi,21,Female,Yearly,2025-09-20,2026-03-25,10,8,0
1058,Anjali,49,Other,Quarterly,2025-12-31,2026-02-27,1,2,1
1059,Anjali,42,Male,Yearly,2025-07-01,2026-02-25,37,8,0
1060,Vikas,31,Other,Yearly,2024-08-13,2025-10-28,24,9,1
1061,Arjun,27,Other,Monthly,2023-05-01,2023-05-14,30,5,1
1062,Kavita,45,Male,Monthly,2025-05-09,2025-08-04,9,9,1
1063,Ritu,52,Female,Quarterly,2025-12-05,2025-12-16,9,8,1
1064,Ritu,46,Female,Yearly,2023-10-21,2025-03-03,13,7,1
1065,Pooja,30,Male,Yearly,2024-08-28,2024-08-30,36,9,1
1066,Kavita,40,Female,Monthly,2023-04-27,2023-05-15,18,7,1
1067,Amit,34,Female,Monthly,2025-12-14,2026-02-14,20,5,1
1068,Anjali,46,Female,Quarterly,2024-06-17,2025-06-06,19,10,1
1069,Manoj,23,Other,Quarterly,2024-04-07,2025-11-28,39,1,1
1070,Simran,45,Female,Yearly,2025-12-04,2025-12-24,20,6,1
1071,Deepak,38,Other,Yearly,2023-05-31,2023-11-15,19,2,1
1072,Amit,44,Other,Yearly,2024-07-14,2024-11-09,2,4,1
1073,Ajay,47,Female,Yearly,2024-08-03,2024-10-02,15,1,1
1074,Anjali,19,Male,Monthly,2023-02-12,2023-04-28,26,8,1
1075,Amit,28,Other,Quarterly,2024-03-12,2025-02-02,31,7,1
1076,Neha,39,Other,Quarterly,2024-04-29,2025-12-09,2,9,1
1077,Manoj,25,Other,Quarterly,2024-12-22,2025-12-05,5,7,1
1078,Simran,19,Other,Yearly,2024-10-06,2024-10-24,27,7,1
1079,Ravi,34,Male,Yearly,2024-03-21,2024-09-20,13,3,1
1080,Amit,49,Other,Quarterly,2025-05-01,2025-10-02,16,6,1
1081,Ravi,41,Female,Yearly,2024-03-29,2025-06-30,7,5,1
1082,Kavita,48,Other,Quarterly,2024-09-25,2026-02-06,9,1,0
1083,Priya,37,Other,Yearly,2024-06-14,2025-07-17,29,8,1
1084,Neha,18,Other,Yearly,2023-04-26,2026-03-19,38,8,0
1085,Meena,18,Male,Yearly,2024-04-24,2024-05-07,21,7,1
1086,Amit,50,Other,Quarterly,2024-02-05,2025-07-08,17,4,1
1087,Sneha,37,Other,Quarterly,2023-09-22,2025-06-13,33,9,1
1088,Neha,50,Female,Monthly,2024-09-04,2025-12-30,5,2,1
1089,Meena,32,Female,Yearly,2024-12-09,2025-08-27,38,5,1
1090,Nisha,45,Female,Yearly,2023-12-07,2024-12-13,2,2,1
1091,Nisha,33,Male,Quarterly,2024-09-18,2025-08-24,33,4,1
1092,Nisha,28,Male,Monthly,2025-07-01,2025-07-29,13,6,1
1093,Suresh,21,Male,Yearly,2024-08-26,2025-09-24,4,6,1
1094,Priya,29,Other,Yearly,2023-03-26,2024-08-27,2,6,1
1095,Ritu,40,Male,Monthly,2023-08-06,2025-06-07,17,4,1
1096,Kavita,32,Male,Yearly,2023-10-22,2025-02-19,40,9,1
1097,Amit,21,Other,Monthly,2024-11-27,2025-01-12,38,4,1
1098,Anjali,24,Other,Monthly,2025-01-13,2026-03-20,16,8,0
1099,Meena,20,Other,Yearly,2024-02-18,2025-12-31,29,3,1
1100,Arjun,25,Other,Quarterly,2024-04-29,2025-12-20,31,5,1
1101,Deepak,37,Other,Yearly,2023-06-02,2025-05-29,25,1,1
1102,Pooja,20,Other,Yearly,2023-07-07,2023-11-22,39,7,1
1103,Manoj,55,Male,Yearly,2023-07-26,2023-12-08,38,6,1
1104,Simran,54,Male,Yearly,2024-05-23,2026-01-08,34,3,1
1105,Arjun,35,Other,Quarterly,2025-10-01,2025-10-15,40,2,1
1106,Amit,40,Other,Yearly,2025-09-18,2026-01-06,3,1,1
1107,Suresh,45,Female,Quarterly,2025-06-25,2025-07-05,5,6,1
1108,Ritu,44,Other,Quarterly,2024-08-08,2025-08-23,5,3,1
1109,Simran,23,Female,Yearly,2024-08-03,2025-06-03,12,5,1
1110,Meena,45,Female,Quarterly,2024-12-20,2025-10-16,10,10,1
1111,Meena,31,Female,Monthly,2024-04-27,2025-11-16,5,5,1
