order_id,order_date,customer_id,order_status,payment_method
1,2023-08-27,1556,Shipped,PayPal
2,2023-07-04,8868,Shipped,"Credit Card"
3,2024-08-18,4188,Shipped,"Credit Card"
4,2024-08-29,7768,Shipped,Cash
5,2025-06-19,37,Shipped,"Credit Card"
6,2024-02-17,1788,Shipped,"Credit Card"
7,2024-09-03,6284,Shipped,Cash
8,2024-06-13,8061,Processing,"Credit Card"
9,2024-03-12,8066,Shipped,Cash
10,2023-10-11,3881,Shipped,"Debit Card"
11,2025-01-21,5933,Shipped,"Credit Card"
12,2024-04-12,8329,Shipped,Cash
13,2023-09-08,6334,Shipped,PayPal
14,2025-06-10,5760,Processing,Cash
15,2024-09-02,6486,Shipped,Cash
16,2024-04-03,5068,Shipped,Cash
17,2024-09-07,662,Shipped,Cash
18,2024-05-04,7974,Shipped,PayPal
19,2025-05-28,6387,Shipped,"Credit Card"
20,2024-02-19,7888,Shipped,"Debit Card"
21,2024-01-15,415,Shipped,"Debit Card"
22,2024-08-10,6851,Shipped,"Debit Card"
23,2025-06-10,8535,Cancelled,"Credit Card"
24,2023-09-26,2730,Shipped,Cash
25,2024-03-02,3898,Shipped,Cash
26,2024-10-22,2170,Shipped,"Credit Card"
27,2023-11-29,1879,Shipped,PayPal
28,2025-03-24,6455,Processing,Cash
29,2024-10-22,4571,Shipped,Cash
30,2024-06-16,1516,Shipped,PayPal
31,2024-11-08,575,Shipped,Cash
32,2025-02-20,2868,Shipped,PayPal
33,2023-12-03,3545,Shipped,PayPal
34,2025-06-17,4478,Shipped,"Credit Card"
35,2024-04-02,72,Shipped,PayPal
36,2025-03-25,2981,Shipped,PayPal
37,2023-06-30,9310,Shipped,PayPal
38,2024-06-25,5493,Processing,"Debit Card"
39,2025-02-13,9552,Shipped,Cash
40,2023-07-20,4760,Cancelled,"Credit Card"
41,2023-11-05,9708,Shipped,Cash
42,2024-12-24,8085,Processing,Cash
43,2024-12-21,40,Cancelled,"Credit Card"
44,2024-03-11,9575,Shipped,"Credit Card"
45,2023-07-17,5374,Processing,"Debit Card"
46,2024-07-26,7566,Cancelled,PayPal
47,2024-09-16,1901,Shipped,"Credit Card"
48,2024-09-27,2218,Processing,Cash
49,2023-08-02,4797,Shipped,"Debit Card"
50,2024-10-25,4607,Shipped,PayPal
51,2024-08-03,1284,Processing,PayPal
52,2025-05-07,8776,Cancelled,"Credit Card"
53,2025-01-11,8651,Shipped,Cash
54,2025-04-27,816,Shipped,PayPal
55,2024-09-20,2512,Shipped,"Credit Card"
56,2024-04-22,247,Shipped,PayPal
57,2023-11-29,4826,Shipped,"Credit Card"
58,2024-10-11,6517,Shipped,Cash
59,2025-01-28,417,Cancelled,"Credit Card"
60,2025-01-27,6703,Shipped,"Credit Card"
61,2024-07-10,3718,Shipped,Cash
62,2024-10-01,108,Shipped,Cash
63,2023-08-30,9031,Processing,"Credit Card"
64,2024-05-19,4514,Shipped,"Credit Card"
65,2025-04-10,1422,Shipped,Cash
66,2025-06-10,7284,Shipped,"Debit Card"
67,2023-07-04,256,Cancelled,PayPal
68,2025-04-07,7249,Shipped,"Debit Card"
69,2025-03-10,9030,Processing,PayPal
70,2025-03-18,2963,Shipped,"Debit Card"
71,2023-09-28,2283,Shipped,"Credit Card"
72,2025-02-28,8745,Shipped,Cash
73,2024-04-15,8373,Shipped,PayPal
74,2023-11-25,1478,Shipped,"Debit Card"
75,2023-06-30,8763,Shipped,Cash
76,2023-06-24,4953,Processing,PayPal
77,2023-11-18,5881,Shipped,"Credit Card"
78,2025-02-11,9920,Cancelled,"Debit Card"
79,2025-01-21,5593,Processing,PayPal
80,2023-12-24,7092,Shipped,Cash
81,2024-01-05,592,Shipped,"Debit Card"
82,2024-06-27,6278,Shipped,"Debit Card"
83,2023-08-17,2261,Shipped,PayPal
84,2025-03-28,348,Shipped,Cash
85,2024-06-13,8358,Shipped,"Debit Card"
86,2024-10-10,5033,Shipped,"Credit Card"
87,2024-11-11,4444,Cancelled,"Credit Card"
88,2024-04-26,8775,Shipped,"Credit Card"
89,2024-02-05,6870,Shipped,"Debit Card"
90,2024-11-17,5697,Processing,Cash
91,2023-07-20,3039,Processing,Cash
92,2024-06-10,2846,Shipped,PayPal
93,2023-07-22,7865,Processing,Cash
94,2025-05-03,6610,Processing,PayPal
95,2024-08-31,1266,Processing,PayPal
96,2024-10-05,2275,Shipped,PayPal
97,2024-01-02,2471,Shipped,"Debit Card"
98,2024-12-02,2578,Shipped,"Credit Card"
99,2024-01-08,3661,Returned,"Debit Card"
100,2025-02-12,1069,Processing,"Credit Card"
101,2024-02-09,5592,Cancelled,"Debit Card"
102,2024-11-25,5975,Shipped,PayPal
103,2025-01-12,4830,Shipped,Cash
104,2023-10-15,1951,Shipped,Cash
105,2024-07-20,8284,Shipped,Cash
106,2023-07-17,3094,Processing,PayPal
107,2024-10-30,5312,Shipped,PayPal
108,2024-05-04,1388,Shipped,PayPal
109,2023-12-04,4275,Returned,Cash
110,2023-11-13,2286,Shipped,"Credit Card"
111,2024-12-18,3207,Returned,"Debit Card"
112,2024-03-18,2925,Shipped,Cash
113,2024-06-08,7046,Shipped,PayPal
114,2023-08-17,8472,Cancelled,"Credit Card"
115,2024-01-08,1619,Shipped,"Debit Card"
116,2023-07-14,8563,Shipped,Cash
117,2024-10-19,5897,Shipped,Cash
118,2024-02-27,7844,Shipped,Cash
119,2024-06-05,9896,Shipped,"Debit Card"
120,2025-02-01,7064,Shipped,"Debit Card"
121,2024-10-13,8496,Cancelled,PayPal
122,2024-12-23,1349,Shipped,"Debit Card"
123,2024-08-13,5557,Shipped,"Debit Card"
124,2023-09-29,5290,Processing,PayPal
125,2024-01-27,2423,Shipped,"Debit Card"
126,2024-07-01,3629,Shipped,"Debit Card"
127,2024-07-21,2429,Shipped,"Debit Card"
128,2024-12-17,3034,Cancelled,"Debit Card"
129,2024-05-13,6158,Processing,PayPal
130,2025-03-03,8861,Shipped,"Credit Card"
131,2025-03-13,8692,Cancelled,Cash
132,2023-12-26,7814,Shipped,Cash
133,2024-08-18,1415,Shipped,Cash
134,2023-08-04,6709,Shipped,"Debit Card"
135,2024-04-06,8722,Shipped,PayPal
136,2024-09-23,6636,Shipped,Cash
137,2023-08-07,3622,Shipped,"Credit Card"
138,2025-01-03,5316,Processing,"Debit Card"
139,2024-02-07,755,Shipped,"Credit Card"
140,2024-03-12,2348,Shipped,"Credit Card"
141,2024-05-07,727,Processing,Cash
142,2024-10-08,4924,Shipped,"Credit Card"
143,2023-12-01,2650,Shipped,Cash
144,2024-06-03,2816,Shipped,"Debit Card"
145,2024-07-02,9067,Shipped,"Credit Card"
146,2023-11-08,3280,Processing,"Debit Card"
147,2023-10-13,2985,Shipped,Cash
148,2025-03-03,3808,Processing,"Credit Card"
149,2024-01-08,7877,Shipped,"Credit Card"
150,2024-02-26,6100,Shipped,"Credit Card"
151,2024-06-29,608,Shipped,Cash
152,2023-06-22,6170,Shipped,"Credit Card"
153,2024-03-26,7791,Shipped,"Debit Card"
154,2024-01-29,5574,Processing,PayPal
155,2024-03-25,635,Shipped,"Credit Card"
156,2024-06-11,1075,Shipped,"Debit Card"
157,2023-07-01,1915,Cancelled,"Debit Card"
158,2023-07-01,589,Shipped,"Credit Card"
159,2024-02-26,3232,Shipped,"Credit Card"
160,2024-11-09,6352,Shipped,"Credit Card"
161,2023-08-23,3839,Shipped,"Credit Card"
162,2024-08-01,1974,Shipped,"Credit Card"
163,2024-04-25,5045,Processing,Cash
164,2024-07-04,6104,Shipped,Cash
165,2025-04-27,6684,Processing,PayPal
166,2025-04-10,5838,Returned,"Debit Card"
167,2024-09-25,9444,Shipped,"Debit Card"
168,2024-02-28,6784,Shipped,"Debit Card"
169,2024-06-29,5595,Shipped,PayPal
170,2025-04-08,3823,Returned,Cash
171,2023-08-27,3390,Shipped,PayPal
172,2024-12-14,5915,Shipped,"Credit Card"
173,2025-01-20,1781,Processing,Cash
174,2024-12-28,3689,Cancelled,"Credit Card"
175,2024-02-12,9917,Cancelled,PayPal
176,2024-11-01,7212,Shipped,"Debit Card"
177,2023-11-03,5038,Shipped,"Credit Card"
178,2024-03-29,6320,Shipped,PayPal
179,2023-09-04,9870,Shipped,Cash
180,2023-09-03,8641,Shipped,"Credit Card"
181,2023-10-28,82,Processing,Cash
182,2025-03-02,6279,Shipped,PayPal
183,2025-02-05,7000,Shipped,"Credit Card"
184,2024-05-05,1407,Shipped,PayPal
185,2024-04-16,7411,Shipped,"Credit Card"
186,2025-02-27,1481,Shipped,"Credit Card"
187,2024-07-18,9272,Processing,PayPal
188,2025-01-24,3599,Shipped,Cash
189,2023-12-28,7994,Shipped,"Debit Card"
190,2024-12-11,4184,Shipped,"Credit Card"
191,2025-02-27,3681,Shipped,Cash
192,2023-07-27,7645,Processing,Cash
193,2023-10-23,4311,Shipped,Cash
194,2023-11-22,1759,Returned,Cash
195,2025-04-30,2600,Shipped,"Credit Card"
196,2023-08-29,5617,Shipped,"Debit Card"
197,2025-03-21,5814,Shipped,"Debit Card"
198,2024-10-23,3854,Shipped,Cash
199,2025-01-11,2293,Shipped,"Credit Card"
200,2023-10-26,1502,Shipped,"Debit Card"
201,2023-12-14,8423,Shipped,Cash
202,2024-04-01,7551,Shipped,Cash
203,2024-05-26,4251,Shipped,PayPal
204,2023-10-16,9391,Processing,PayPal
205,2023-12-09,6992,Shipped,PayPal
206,2023-11-13,115,Shipped,"Credit Card"
207,2023-12-02,9606,Shipped,Cash
208,2024-12-08,4407,Shipped,"Debit Card"
209,2023-10-16,9185,Shipped,"Debit Card"
210,2024-10-30,2348,Shipped,PayPal
211,2025-02-01,1042,Processing,Cash
212,2025-03-23,6928,Processing,"Credit Card"
213,2025-04-23,12,Shipped,"Credit Card"
214,2024-07-08,7981,Shipped,"Credit Card"
215,2024-07-15,7872,Shipped,"Debit Card"
216,2024-01-18,6376,Shipped,PayPal
217,2024-02-11,7099,Shipped,"Credit Card"
218,2023-11-08,3677,Shipped,PayPal
219,2024-06-03,6110,Returned,"Debit Card"
220,2025-05-31,5398,Processing,Cash
221,2025-02-15,3066,Processing,"Credit Card"
222,2023-10-02,2037,Cancelled,PayPal
223,2025-03-16,3047,Cancelled,"Debit Card"
224,2024-08-20,541,Shipped,"Debit Card"
225,2025-03-22,77,Processing,PayPal
226,2024-06-25,3068,Shipped,PayPal
227,2023-07-27,24,Shipped,PayPal
228,2025-01-04,5135,Shipped,"Debit Card"
229,2025-06-04,676,Shipped,Cash
230,2025-04-04,6669,Shipped,"Credit Card"
231,2024-12-14,4268,Shipped,PayPal
232,2023-11-18,5989,Shipped,"Debit Card"
233,2024-12-14,7653,Shipped,"Credit Card"
234,2025-02-27,8681,Shipped,"Debit Card"
235,2023-11-04,1486,Shipped,"Debit Card"
236,2024-08-22,3660,Shipped,PayPal
237,2024-03-29,2420,Shipped,PayPal
238,2024-08-07,7741,Processing,PayPal
239,2025-04-20,7144,Returned,PayPal
240,2024-12-10,3496,Shipped,PayPal
241,2024-07-10,757,Shipped,"Credit Card"
242,2024-11-15,8449,Cancelled,Cash
243,2023-11-18,1780,Processing,"Credit Card"
244,2024-01-05,6488,Shipped,"Credit Card"
245,2025-05-03,9665,Shipped,"Debit Card"
246,2023-12-05,259,Shipped,"Credit Card"
247,2024-11-09,4076,Shipped,PayPal
248,2025-03-07,8499,Shipped,"Credit Card"
249,2024-06-15,8015,Shipped,Cash
250,2024-04-07,1119,Shipped,PayPal
251,2024-06-06,7632,Shipped,"Debit Card"
252,2023-07-19,3018,Processing,"Credit Card"
253,2023-12-12,4342,Cancelled,"Debit Card"
254,2024-06-11,1659,Cancelled,Cash
255,2023-12-18,8379,Shipped,"Debit Card"
256,2024-05-24,1798,Shipped,Cash
257,2024-07-14,9117,Processing,"Credit Card"
258,2024-01-13,785,Shipped,"Credit Card"
259,2024-10-15,5692,Shipped,PayPal
260,2024-12-24,3197,Shipped,"Credit Card"
261,2024-12-20,9553,Processing,PayPal
262,2025-01-17,8533,Shipped,PayPal
263,2024-04-06,563,Cancelled,"Credit Card"
264,2024-01-26,4747,Shipped,Cash
265,2024-07-13,3000,Shipped,Cash
266,2024-12-26,1194,Returned,Cash
267,2024-11-17,69,Returned,"Credit Card"
268,2024-11-04,5680,Shipped,PayPal
269,2025-01-28,2429,Cancelled,Cash
270,2023-12-01,6201,Shipped,"Debit Card"
271,2023-12-20,5397,Shipped,"Debit Card"
272,2023-11-24,6994,Shipped,"Credit Card"
273,2025-04-07,3599,Shipped,Cash
274,2025-03-12,9036,Shipped,Cash
275,2025-06-06,574,Shipped,Cash
276,2024-09-02,4215,Shipped,"Credit Card"
277,2024-02-18,7637,Cancelled,PayPal
278,2024-09-02,1479,Shipped,Cash
279,2024-05-18,9706,Cancelled,"Debit Card"
280,2024-12-23,6128,Processing,"Credit Card"
281,2025-04-30,9161,Shipped,Cash
282,2025-04-01,6677,Cancelled,PayPal
283,2023-09-20,2197,Shipped,PayPal
284,2024-03-28,9704,Cancelled,"Credit Card"
285,2025-05-22,8167,Shipped,"Credit Card"
286,2025-01-29,8847,Shipped,Cash
287,2023-12-18,6051,Shipped,Cash
288,2024-04-20,4651,Processing,"Credit Card"
289,2024-04-09,8485,Returned,Cash
290,2025-05-21,4527,Shipped,"Credit Card"
291,2023-07-18,4413,Shipped,"Debit Card"
292,2025-04-09,5444,Shipped,"Credit Card"
293,2025-02-24,9781,Shipped,PayPal
294,2024-08-14,8788,Shipped,"Credit Card"
295,2024-07-25,2594,Processing,PayPal
296,2024-06-05,9108,Shipped,Cash
297,2025-04-03,6853,Cancelled,Cash
298,2024-11-05,6630,Shipped,"Debit Card"
299,2024-03-08,3870,Cancelled,Cash
300,2025-01-08,7972,Shipped,PayPal
301,2025-05-14,9168,Shipped,"Credit Card"
302,2024-08-03,9268,Shipped,"Credit Card"
303,2024-10-03,7823,Shipped,"Debit Card"
304,2024-05-14,2990,Processing,"Debit Card"
305,2024-09-26,7063,Processing,Cash
306,2024-09-12,5341,Shipped,"Credit Card"
307,2024-09-09,9644,Shipped,PayPal
308,2024-06-22,3824,Shipped,"Debit Card"
309,2024-07-07,3933,Shipped,Cash
310,2023-08-02,8555,Processing,PayPal
311,2024-08-13,2430,Shipped,"Credit Card"
312,2025-03-16,7445,Cancelled,"Debit Card"
313,2024-05-11,7148,Shipped,PayPal
314,2024-09-15,7632,Shipped,"Credit Card"
315,2024-05-05,3599,Shipped,"Debit Card"
316,2025-01-07,4330,Shipped,PayPal
317,2025-06-02,6719,Shipped,PayPal
318,2025-04-09,9924,Shipped,Cash
319,2024-03-18,8219,Shipped,"Credit Card"
320,2024-12-02,93,Processing,Cash
321,2025-04-03,8501,Shipped,Cash
322,2024-04-07,52,Shipped,"Debit Card"
323,2023-06-29,319,Cancelled,Cash
324,2024-08-16,5689,Cancelled,Cash
325,2025-05-04,7019,Shipped,PayPal
326,2025-05-04,7211,Shipped,"Credit Card"
327,2025-03-16,3957,Shipped,Cash
328,2025-02-11,6058,Shipped,PayPal
329,2025-06-01,6876,Shipped,PayPal
330,2024-12-24,4432,Shipped,PayPal
331,2025-06-04,1526,Shipped,Cash
332,2024-03-22,7044,Shipped,"Credit Card"
333,2024-04-19,1279,Processing,"Debit Card"
334,2025-03-27,8706,Processing,"Debit Card"
335,2025-01-23,6126,Shipped,PayPal
336,2023-08-02,7875,Shipped,"Credit Card"
337,2024-11-22,9926,Shipped,"Credit Card"
338,2024-08-26,6901,Shipped,PayPal
339,2025-06-03,2501,Cancelled,Cash
340,2025-02-08,3465,Processing,"Debit Card"
341,2025-05-06,2260,Shipped,Cash
342,2024-02-07,7497,Shipped,Cash
343,2025-04-18,2660,Shipped,PayPal
344,2024-05-23,256,Cancelled,"Credit Card"
345,2023-12-19,1503,Processing,Cash
346,2024-08-22,4657,Shipped,"Credit Card"
347,2024-03-07,5431,Shipped,PayPal
348,2025-01-20,8599,Shipped,"Credit Card"
349,2024-11-12,3177,Shipped,PayPal
350,2025-03-04,1861,Shipped,"Debit Card"
351,2025-01-16,6159,Shipped,"Debit Card"
352,2024-07-29,5807,Shipped,"Credit Card"
353,2024-10-15,4355,Shipped,"Debit Card"
354,2024-07-19,723,Processing,PayPal
355,2023-07-10,7580,Shipped,"Credit Card"
356,2023-11-21,9475,Processing,PayPal
357,2024-06-19,614,Shipped,"Credit Card"
358,2024-07-22,3332,Returned,"Debit Card"
359,2025-06-01,5791,Shipped,Cash
360,2024-12-04,3117,Shipped,PayPal
361,2024-03-26,9005,Shipped,Cash
362,2024-08-26,9979,Shipped,PayPal
363,2023-07-05,331,Shipped,PayPal
364,2024-02-27,2213,Shipped,"Debit Card"
365,2024-05-19,9409,Shipped,Cash
366,2024-05-05,5494,Processing,"Credit Card"
367,2024-01-23,7233,Processing,"Debit Card"
368,2023-12-06,5615,Shipped,"Credit Card"
369,2023-12-28,5914,Processing,"Credit Card"
370,2024-02-02,5914,Shipped,"Credit Card"
371,2023-09-14,5612,Shipped,"Credit Card"
372,2024-01-09,9433,Shipped,"Credit Card"
373,2024-12-23,320,Shipped,"Debit Card"
374,2023-12-04,8086,Shipped,"Debit Card"
375,2024-06-01,4201,Returned,Cash
376,2024-04-20,4792,Shipped,PayPal
377,2025-01-03,330,Shipped,PayPal
378,2024-11-24,8852,Shipped,Cash
379,2024-08-23,6743,Shipped,"Credit Card"
380,2024-04-30,4917,Shipped,"Credit Card"
381,2025-01-19,1794,Shipped,Cash
382,2023-09-27,6458,Shipped,"Debit Card"
383,2023-10-01,8126,Returned,"Debit Card"
384,2023-11-08,5704,Shipped,PayPal
385,2024-06-08,6171,Shipped,Cash
386,2023-10-18,6645,Processing,"Credit Card"
387,2024-11-02,7421,Shipped,PayPal
388,2024-09-01,4156,Cancelled,Cash
389,2024-08-02,8412,Processing,"Credit Card"
390,2025-04-22,2612,Shipped,Cash
391,2025-04-09,5692,Shipped,"Debit Card"
392,2023-08-14,2594,Shipped,Cash
393,2023-09-14,96,Shipped,Cash
394,2025-05-15,9181,Shipped,"Debit Card"
395,2023-09-27,9305,Shipped,Cash
396,2024-07-07,6042,Returned,Cash
397,2023-08-19,5064,Shipped,PayPal
398,2024-02-03,8438,Shipped,PayPal
399,2024-11-14,3350,Shipped,Cash
400,2025-04-04,7645,Shipped,PayPal
401,2024-05-16,6561,Shipped,"Credit Card"
402,2024-03-15,5248,Shipped,Cash
403,2023-11-17,5357,Processing,PayPal
404,2025-01-22,4078,Shipped,Cash
405,2024-01-23,4899,Shipped,Cash
406,2023-08-02,1418,Shipped,"Credit Card"
407,2023-08-30,8847,Shipped,PayPal
408,2023-09-18,111,Shipped,PayPal
409,2024-10-25,8282,Shipped,Cash
410,2024-02-15,8955,Returned,"Credit Card"
411,2024-06-13,7392,Shipped,"Credit Card"
412,2024-08-06,5133,Processing,"Credit Card"
413,2024-09-26,2505,Processing,Cash
414,2024-08-26,9657,Shipped,"Credit Card"
415,2024-01-04,8290,Processing,PayPal
416,2024-04-19,5240,Processing,"Credit Card"
417,2025-03-06,293,Cancelled,"Debit Card"
418,2024-01-17,1735,Shipped,"Credit Card"
419,2025-04-14,5121,Processing,PayPal
420,2024-08-07,6394,Returned,"Debit Card"
421,2024-10-19,2197,Shipped,PayPal
422,2024-11-03,3467,Shipped,"Debit Card"
423,2024-03-23,1907,Shipped,PayPal
424,2024-06-10,1722,Shipped,PayPal
425,2024-11-22,1817,Shipped,"Credit Card"
426,2025-01-05,8445,Shipped,"Credit Card"
427,2025-06-17,4228,Shipped,PayPal
428,2025-06-06,5776,Shipped,"Debit Card"
429,2025-06-06,3850,Shipped,PayPal
430,2025-04-18,5229,Cancelled,"Credit Card"
431,2023-11-17,6850,Shipped,"Debit Card"
432,2025-03-26,1059,Shipped,"Credit Card"
433,2024-11-26,2323,Shipped,Cash
434,2025-04-04,8379,Cancelled,"Debit Card"
435,2024-07-29,949,Shipped,"Debit Card"
436,2023-09-11,8180,Shipped,PayPal
437,2023-11-08,4360,Processing,"Credit Card"
438,2024-03-12,5661,Shipped,"Debit Card"
439,2024-02-21,7255,Shipped,"Credit Card"
440,2024-08-24,8402,Shipped,PayPal
441,2024-02-20,2094,Cancelled,PayPal
442,2024-01-29,1564,Shipped,"Debit Card"
443,2024-01-28,8218,Shipped,"Debit Card"
444,2024-08-24,175,Shipped,PayPal
445,2023-10-08,1335,Shipped,"Debit Card"
446,2025-06-10,322,Cancelled,Cash
447,2024-08-18,5699,Processing,Cash
448,2024-03-30,5605,Cancelled,Cash
449,2024-11-28,6743,Shipped,Cash
450,2024-08-22,7437,Shipped,PayPal
451,2024-10-30,8525,Processing,Cash
452,2024-01-11,5675,Shipped,"Debit Card"
453,2024-09-01,5003,Shipped,PayPal
454,2023-11-16,911,Shipped,PayPal
455,2024-09-08,950,Shipped,"Credit Card"
456,2024-11-11,5426,Shipped,"Credit Card"
457,2023-09-24,2515,Returned,PayPal
458,2025-02-24,7702,Shipped,Cash
459,2023-11-28,101,Shipped,Cash
460,2025-04-16,4647,Shipped,PayPal
461,2024-05-30,6946,Processing,"Debit Card"
462,2025-04-13,2401,Processing,Cash
463,2025-03-10,5802,Shipped,Cash
464,2023-12-29,2344,Shipped,Cash
465,2024-12-02,353,Shipped,Cash
466,2024-11-06,2956,Shipped,Cash
467,2024-02-08,1019,Shipped,"Credit Card"
468,2024-11-10,1180,Shipped,PayPal
469,2023-07-19,5194,Shipped,"Credit Card"
470,2024-11-24,3537,Shipped,Cash
471,2024-03-16,2503,Shipped,Cash
472,2024-02-03,3820,Processing,"Debit Card"
473,2025-02-12,6856,Shipped,"Debit Card"
474,2023-07-22,980,Shipped,PayPal
475,2024-03-01,977,Shipped,"Credit Card"
476,2024-03-03,9564,Shipped,"Debit Card"
477,2025-01-08,2281,Shipped,PayPal
478,2024-08-21,5898,Shipped,"Credit Card"
479,2024-11-21,108,Shipped,"Credit Card"
480,2024-02-06,9165,Shipped,Cash
481,2024-04-02,1627,Shipped,"Debit Card"
482,2024-03-02,8896,Shipped,Cash
483,2023-11-07,6230,Shipped,Cash
484,2023-10-25,6878,Shipped,"Credit Card"
485,2024-07-13,875,Shipped,PayPal
486,2025-04-20,5544,Cancelled,"Credit Card"
487,2025-05-01,3810,Returned,"Credit Card"
488,2025-02-20,2108,Shipped,PayPal
489,2024-12-02,9466,Processing,"Credit Card"
490,2023-08-31,560,Shipped,PayPal
491,2023-11-22,8309,Shipped,Cash
492,2024-03-14,4970,Processing,PayPal
493,2023-11-06,3047,Shipped,"Debit Card"
494,2023-07-22,44,Shipped,Cash
495,2024-07-22,509,Processing,"Debit Card"
496,2024-04-21,6108,Cancelled,"Credit Card"
497,2025-04-28,3440,Returned,"Debit Card"
498,2024-03-17,3929,Shipped,"Credit Card"
499,2025-03-06,5412,Processing,"Debit Card"
500,2024-01-09,917,Shipped,"Debit Card"
501,2024-09-28,799,Cancelled,"Debit Card"
502,2024-08-17,4972,Shipped,"Debit Card"
503,2023-10-28,1761,Shipped,"Debit Card"
504,2024-03-26,3276,Shipped,"Debit Card"
505,2024-03-06,819,Shipped,"Debit Card"
506,2023-12-30,5041,Shipped,"Debit Card"
507,2024-02-15,3066,Shipped,Cash
508,2025-06-15,3260,Shipped,Cash
509,2023-08-17,907,Cancelled,"Credit Card"
510,2023-10-05,603,Shipped,Cash
511,2024-11-17,4296,Shipped,PayPal
512,2023-10-25,9984,Shipped,"Debit Card"
513,2024-11-17,3528,Cancelled,Cash
514,2023-08-06,4544,Processing,PayPal
515,2024-02-27,1812,Shipped,PayPal
516,2024-03-19,9033,Processing,"Credit Card"
517,2023-10-23,7964,Shipped,"Credit Card"
518,2025-05-26,5250,Shipped,"Credit Card"
519,2024-12-21,4616,Shipped,"Debit Card"
520,2023-08-14,9229,Shipped,Cash
521,2025-01-09,8917,Shipped,"Credit Card"
522,2025-01-04,6767,Shipped,Cash
523,2025-01-13,9180,Shipped,"Debit Card"
524,2024-10-04,803,Shipped,PayPal
525,2023-07-01,2583,Shipped,Cash
526,2023-11-23,6446,Processing,"Debit Card"
527,2024-05-18,3838,Cancelled,PayPal
528,2023-12-20,8719,Returned,PayPal
529,2023-10-27,1666,Shipped,"Credit Card"
530,2024-04-16,9331,Shipped,"Debit Card"
531,2024-05-08,8652,Processing,"Credit Card"
532,2024-09-26,6976,Processing,Cash
533,2024-03-22,2553,Processing,"Debit Card"
534,2025-01-04,7476,Shipped,"Credit Card"
535,2024-12-11,2809,Shipped,PayPal
536,2024-05-11,5634,Shipped,Cash
537,2023-08-13,6097,Shipped,"Debit Card"
538,2023-10-31,8824,Processing,Cash
539,2023-12-27,2457,Shipped,"Debit Card"
540,2024-02-16,9174,Shipped,PayPal
541,2024-03-20,5424,Shipped,"Credit Card"
542,2024-01-01,4318,Shipped,Cash
543,2023-10-12,1557,Shipped,Cash
544,2023-09-24,2206,Returned,"Debit Card"
545,2024-12-14,3956,Shipped,Cash
546,2023-10-14,9114,Shipped,"Credit Card"
547,2024-09-04,6806,Shipped,Cash
548,2023-06-29,405,Shipped,PayPal
549,2024-06-01,1621,Shipped,"Credit Card"
550,2025-04-16,2953,Shipped,PayPal
551,2024-01-05,8081,Shipped,Cash
552,2023-09-12,3119,Processing,"Credit Card"
553,2024-10-16,7381,Shipped,Cash
554,2023-12-06,6631,Shipped,"Debit Card"
555,2023-09-14,9787,Processing,PayPal
556,2024-12-01,566,Processing,Cash
557,2025-01-24,4800,Returned,"Credit Card"
558,2023-08-13,7671,Shipped,Cash
559,2025-04-17,2869,Returned,PayPal
560,2024-03-10,9050,Shipped,"Credit Card"
561,2023-11-15,9477,Shipped,"Credit Card"
562,2024-12-12,8777,Processing,"Credit Card"
563,2024-07-19,4328,Shipped,Cash
564,2024-10-09,6414,Processing,"Debit Card"
565,2023-12-29,7615,Shipped,PayPal
566,2025-05-01,1246,Shipped,Cash
567,2023-09-10,8244,Shipped,"Debit Card"
568,2024-02-19,538,Processing,"Credit Card"
569,2024-09-13,541,Shipped,"Credit Card"
570,2024-08-19,815,Shipped,Cash
571,2023-11-04,1416,Shipped,PayPal
572,2025-04-12,1653,Cancelled,PayPal
573,2024-01-08,4063,Cancelled,"Debit Card"
574,2023-07-29,2357,Shipped,"Debit Card"
575,2024-05-02,3811,Shipped,"Credit Card"
576,2024-12-13,9056,Shipped,PayPal
577,2024-05-23,186,Processing,Cash
578,2024-10-31,1552,Cancelled,"Debit Card"
579,2025-02-20,7014,Cancelled,"Debit Card"
580,2024-04-26,762,Shipped,"Credit Card"
581,2025-04-02,9472,Processing,"Debit Card"
582,2024-01-14,6164,Shipped,Cash
583,2025-06-05,7636,Shipped,"Credit Card"
584,2023-12-20,3282,Shipped,"Debit Card"
585,2024-06-12,1537,Shipped,"Credit Card"
586,2023-11-11,6202,Shipped,Cash
587,2024-05-06,3165,Shipped,"Credit Card"
588,2024-03-23,2771,Shipped,PayPal
589,2023-10-15,7400,Shipped,"Debit Card"
590,2024-11-06,3846,Shipped,"Debit Card"
591,2023-12-23,3436,Shipped,"Credit Card"
592,2024-12-14,4711,Returned,PayPal
593,2023-09-21,562,Shipped,"Credit Card"
594,2023-08-12,4718,Processing,"Debit Card"
595,2024-01-05,7624,Shipped,PayPal
596,2024-02-28,7188,Shipped,PayPal
597,2024-11-11,2181,Shipped,Cash
598,2025-02-02,1961,Shipped,PayPal
599,2025-04-08,3880,Shipped,"Credit Card"
600,2024-07-23,5154,Cancelled,Cash
601,2024-06-28,7036,Shipped,"Credit Card"
602,2023-09-07,3271,Shipped,"Credit Card"
603,2024-09-07,4688,Shipped,Cash
604,2024-09-14,583,Shipped,"Debit Card"
605,2023-12-29,9806,Shipped,Cash
606,2025-05-24,9294,Shipped,"Credit Card"
607,2023-07-14,289,Shipped,"Credit Card"
608,2024-12-17,5665,Returned,PayPal
609,2024-12-22,7980,Shipped,"Debit Card"
610,2024-02-10,3860,Shipped,PayPal
611,2024-05-03,3061,Shipped,Cash
612,2024-04-10,1184,Shipped,PayPal
613,2025-02-01,4336,Processing,"Credit Card"
614,2024-11-24,1447,Cancelled,PayPal
615,2023-08-16,6680,Shipped,"Debit Card"
616,2023-07-23,9942,Shipped,"Debit Card"
617,2023-11-03,6214,Processing,"Credit Card"
618,2024-11-20,1904,Shipped,PayPal
619,2023-09-06,7895,Shipped,"Credit Card"
620,2024-09-06,9270,Shipped,Cash
621,2023-08-06,2378,Shipped,"Credit Card"
622,2025-05-26,848,Processing,"Credit Card"
623,2025-04-25,7371,Returned,Cash
624,2024-01-05,6342,Shipped,"Credit Card"
625,2024-01-21,1240,Shipped,Cash
626,2024-01-21,5601,Shipped,"Credit Card"
627,2024-07-01,9525,Cancelled,"Credit Card"
628,2023-10-06,4792,Cancelled,"Debit Card"
629,2023-10-12,2366,Shipped,"Credit Card"
630,2024-05-31,5056,Cancelled,Cash
631,2024-03-15,5623,Shipped,PayPal
632,2024-01-03,373,Shipped,PayPal
633,2023-09-04,7784,Shipped,Cash
634,2023-07-15,1950,Shipped,Cash
635,2024-08-16,245,Shipped,"Debit Card"
636,2025-04-09,7796,Shipped,"Credit Card"
637,2024-02-26,5773,Shipped,Cash
638,2024-03-12,125,Shipped,Cash
639,2023-09-26,1920,Shipped,"Credit Card"
640,2024-01-12,9828,Shipped,PayPal
641,2025-03-06,9618,Shipped,"Credit Card"
642,2025-02-25,9733,Shipped,"Credit Card"
643,2023-12-23,531,Cancelled,PayPal
644,2024-06-09,7850,Shipped,PayPal
645,2025-05-15,6930,Shipped,"Credit Card"
646,2024-12-07,4350,Shipped,Cash
647,2025-03-17,4757,Shipped,Cash
648,2023-10-28,1802,Shipped,"Debit Card"
649,2023-09-29,5157,Shipped,PayPal
650,2024-07-02,7857,Shipped,"Credit Card"
651,2024-09-26,5462,Shipped,Cash
652,2024-07-12,9229,Shipped,"Credit Card"
653,2025-05-21,5303,Shipped,PayPal
654,2024-02-20,7433,Shipped,"Credit Card"
655,2025-04-14,6190,Shipped,PayPal
656,2023-08-28,1143,Shipped,"Debit Card"
657,2025-04-27,7077,Cancelled,"Debit Card"
658,2025-03-02,7615,Shipped,PayPal
659,2023-07-22,9948,Cancelled,"Debit Card"
660,2023-07-06,4841,Shipped,Cash
661,2023-07-21,1630,Shipped,PayPal
662,2024-12-24,5063,Shipped,PayPal
663,2023-11-10,763,Shipped,Cash
664,2024-08-06,6906,Cancelled,Cash
665,2025-03-03,4890,Shipped,PayPal
666,2025-01-04,4840,Shipped,"Debit Card"
667,2024-06-12,3958,Shipped,Cash
668,2023-11-29,558,Shipped,"Credit Card"
669,2024-02-17,4622,Processing,"Credit Card"
670,2023-09-07,840,Processing,PayPal
671,2025-04-15,8195,Shipped,Cash
672,2024-03-15,9244,Shipped,"Credit Card"
673,2024-09-14,9597,Shipped,Cash
674,2024-02-24,8349,Processing,"Credit Card"
675,2024-11-07,6999,Shipped,"Credit Card"
676,2024-04-11,511,Returned,PayPal
677,2024-12-12,1138,Shipped,Cash
678,2025-03-14,5607,Shipped,Cash
679,2024-12-06,4667,Processing,PayPal
680,2024-10-30,8907,Processing,Cash
681,2024-09-14,5435,Shipped,Cash
682,2023-09-10,6447,Shipped,"Credit Card"
683,2025-01-30,2655,Shipped,"Credit Card"
684,2024-02-07,991,Shipped,Cash
685,2025-05-11,7821,Shipped,Cash
686,2025-06-21,2161,Cancelled,Cash
687,2024-09-06,5741,Shipped,"Credit Card"
688,2024-05-15,4458,Shipped,"Credit Card"
689,2023-08-22,2064,Shipped,"Credit Card"
690,2024-03-10,1978,Shipped,PayPal
691,2025-06-16,8568,Shipped,"Debit Card"
692,2025-03-21,8934,Shipped,PayPal
693,2025-05-02,2668,Shipped,Cash
694,2023-12-27,9433,Shipped,"Debit Card"
695,2024-05-13,4920,Shipped,"Debit Card"
696,2024-04-23,8610,Processing,Cash
697,2024-09-15,7643,Processing,"Debit Card"
698,2024-09-07,8799,Processing,"Credit Card"
699,2025-01-27,8760,Shipped,Cash
700,2025-04-26,544,Shipped,PayPal
701,2025-05-28,884,Returned,"Debit Card"
702,2024-06-05,4799,Shipped,"Debit Card"
703,2023-12-04,8041,Processing,"Debit Card"
704,2024-02-01,9416,Shipped,"Debit Card"
705,2024-10-23,5719,Shipped,PayPal
706,2024-02-05,2069,Cancelled,Cash
707,2023-12-16,7479,Shipped,"Debit Card"
708,2024-12-06,8121,Processing,"Credit Card"
709,2025-02-07,7821,Shipped,Cash
710,2025-02-01,1787,Shipped,"Debit Card"
711,2023-06-23,5716,Shipped,PayPal
712,2025-05-06,9650,Cancelled,"Debit Card"
713,2025-06-18,8270,Shipped,Cash
714,2024-05-26,1309,Processing,PayPal
715,2023-10-04,8840,Shipped,"Credit Card"
716,2023-08-05,8745,Shipped,"Credit Card"
717,2025-04-14,8474,Shipped,"Debit Card"
718,2024-09-12,9474,Shipped,"Debit Card"
719,2024-02-23,4862,Shipped,"Debit Card"
720,2023-12-22,2777,Processing,"Debit Card"
721,2025-04-24,1597,Shipped,"Credit Card"
722,2025-01-28,480,Shipped,"Credit Card"
723,2024-04-17,3313,Shipped,"Debit Card"
724,2023-06-26,6157,Cancelled,"Credit Card"
725,2024-02-25,7920,Shipped,Cash
726,2025-05-21,6745,Processing,PayPal
727,2025-06-20,3899,Shipped,"Debit Card"
728,2025-01-15,2073,Shipped,"Credit Card"
729,2024-05-15,9488,Returned,"Credit Card"
730,2025-02-14,5625,Processing,PayPal
731,2023-11-02,939,Shipped,Cash
732,2023-07-04,8177,Shipped,PayPal
733,2024-11-03,762,Processing,"Debit Card"
734,2024-05-29,7255,Cancelled,"Debit Card"
735,2025-02-21,1670,Shipped,"Debit Card"
736,2024-06-21,7129,Shipped,Cash
737,2024-06-10,3863,Shipped,PayPal
738,2024-06-22,2686,Shipped,Cash
739,2024-07-14,6635,Shipped,"Credit Card"
740,2024-08-07,1932,Shipped,Cash
741,2025-02-14,7309,Processing,Cash
742,2024-11-09,3940,Shipped,"Debit Card"
743,2023-07-31,1127,Shipped,PayPal
744,2023-08-03,6022,Shipped,"Credit Card"
745,2024-10-21,6438,Shipped,Cash
746,2025-03-19,7040,Shipped,PayPal
747,2024-04-10,5374,Shipped,PayPal
748,2023-12-21,1204,Shipped,"Debit Card"
749,2024-06-06,4136,Shipped,PayPal
750,2023-11-01,8712,Processing,PayPal
751,2023-07-20,7905,Shipped,"Credit Card"
752,2024-02-09,2284,Processing,PayPal
753,2023-10-31,4559,Shipped,Cash
754,2023-07-13,5348,Cancelled,"Credit Card"
755,2025-01-29,7868,Shipped,PayPal
756,2024-11-17,5945,Shipped,"Debit Card"
757,2023-10-26,8675,Cancelled,"Credit Card"
758,2024-08-19,2478,Shipped,"Credit Card"
759,2024-04-17,3094,Shipped,PayPal
760,2024-08-23,8535,Shipped,"Debit Card"
761,2024-07-24,7208,Shipped,"Credit Card"
762,2024-05-24,9655,Shipped,PayPal
763,2024-08-23,9395,Shipped,PayPal
764,2024-11-15,9814,Processing,Cash
765,2025-06-12,6228,Shipped,"Credit Card"
766,2024-07-20,3536,Shipped,"Credit Card"
767,2025-01-30,7005,Shipped,"Credit Card"
768,2024-01-05,2914,Shipped,"Credit Card"
769,2023-12-07,9382,Shipped,PayPal
770,2023-09-15,2341,Shipped,PayPal
771,2025-05-05,9796,Processing,Cash
772,2025-06-05,5290,Shipped,PayPal
773,2023-09-12,598,Shipped,"Debit Card"
774,2023-07-11,8837,Shipped,"Debit Card"
775,2025-06-17,7146,Shipped,PayPal
776,2024-01-10,2903,Shipped,"Credit Card"
777,2024-05-02,6646,Shipped,"Credit Card"
778,2023-08-29,8956,Processing,"Debit Card"
779,2024-11-28,7695,Cancelled,PayPal
780,2024-02-15,4831,Shipped,Cash
781,2024-09-30,7547,Processing,Cash
782,2023-07-27,7369,Processing,"Debit Card"
783,2024-12-28,9835,Shipped,Cash
784,2024-09-08,2161,Shipped,"Debit Card"
785,2024-10-28,5879,Shipped,Cash
786,2025-02-05,7664,Shipped,"Debit Card"
787,2023-07-07,3750,Cancelled,"Debit Card"
788,2024-03-20,2923,Shipped,"Credit Card"
789,2024-06-30,6487,Shipped,"Debit Card"
790,2024-12-03,8113,Shipped,"Credit Card"
791,2023-10-04,8772,Cancelled,Cash
792,2024-08-25,3805,Shipped,Cash
793,2023-09-28,4879,Shipped,PayPal
794,2024-04-19,2369,Shipped,"Credit Card"
795,2023-09-17,8094,Shipped,"Debit Card"
796,2024-07-27,3933,Shipped,PayPal
797,2024-02-16,5609,Shipped,"Debit Card"
798,2025-02-23,6636,Shipped,"Debit Card"
799,2024-06-16,6396,Processing,Cash
800,2024-06-12,6102,Shipped,Cash
801,2025-04-05,9293,Shipped,PayPal
802,2023-08-29,9863,Shipped,PayPal
803,2025-06-18,5532,Shipped,PayPal
804,2024-01-23,4971,Shipped,Cash
805,2023-08-24,6345,Shipped,"Credit Card"
806,2025-04-22,8409,Shipped,Cash
807,2025-06-07,376,Shipped,"Debit Card"
808,2024-10-29,7888,Shipped,PayPal
809,2024-07-28,1610,Shipped,Cash
810,2024-01-01,2940,Cancelled,PayPal
811,2025-06-17,4063,Shipped,Cash
812,2024-10-15,1614,Shipped,"Credit Card"
813,2024-08-27,6579,Shipped,"Debit Card"
814,2023-10-30,7852,Processing,"Credit Card"
815,2024-10-07,3680,Shipped,PayPal
816,2023-07-20,7541,Shipped,"Debit Card"
817,2024-11-20,9489,Shipped,"Credit Card"
818,2025-04-07,7075,Shipped,"Debit Card"
819,2024-08-15,3997,Processing,"Debit Card"
820,2025-02-15,4787,Shipped,"Debit Card"
821,2023-10-24,5696,Shipped,Cash
822,2024-12-02,9348,Shipped,PayPal
823,2023-06-30,6999,Shipped,"Credit Card"
824,2024-11-01,2367,Processing,PayPal
825,2024-12-31,6765,Processing,"Debit Card"
826,2024-11-30,8977,Cancelled,"Debit Card"
827,2024-04-03,9274,Shipped,"Debit Card"
828,2024-01-04,1615,Processing,"Debit Card"
829,2023-12-14,4556,Processing,"Debit Card"
830,2024-09-29,2417,Returned,"Debit Card"
831,2023-09-19,7289,Processing,PayPal
832,2024-07-30,6863,Shipped,Cash
833,2025-05-21,3654,Shipped,Cash
834,2023-10-23,6640,Shipped,PayPal
835,2023-09-03,497,Cancelled,PayPal
836,2024-04-03,505,Shipped,PayPal
837,2024-06-12,7700,Shipped,PayPal
838,2025-05-26,5734,Shipped,"Credit Card"
839,2024-10-27,8056,Shipped,Cash
840,2024-12-10,3217,Shipped,Cash
841,2025-03-12,5689,Shipped,PayPal
842,2023-10-07,9601,Shipped,"Credit Card"
843,2024-12-29,4365,Returned,PayPal
844,2024-11-09,6043,Processing,Cash
845,2024-09-16,1478,Shipped,"Credit Card"
846,2023-12-26,4961,Shipped,"Debit Card"
847,2024-04-04,2398,Returned,"Debit Card"
848,2024-05-24,8302,Processing,"Debit Card"
849,2024-04-21,8842,Shipped,"Debit Card"
850,2025-03-04,6195,Shipped,"Credit Card"
851,2023-11-19,7571,Shipped,PayPal
852,2023-10-14,7731,Shipped,Cash
853,2023-12-22,1500,Processing,"Credit Card"
854,2025-04-22,7236,Shipped,"Debit Card"
855,2024-12-12,596,Shipped,"Credit Card"
856,2024-03-23,979,Shipped,Cash
857,2023-10-23,731,Shipped,"Credit Card"
858,2024-02-12,57,Shipped,"Debit Card"
859,2024-08-23,2244,Shipped,"Credit Card"
860,2023-12-18,5880,Shipped,PayPal
861,2023-09-15,1702,Shipped,"Credit Card"
862,2023-12-16,7230,Processing,"Credit Card"
863,2023-07-28,1287,Shipped,"Debit Card"
864,2024-08-06,8304,Shipped,"Debit Card"
865,2023-07-22,9394,Shipped,Cash
866,2025-05-17,948,Shipped,Cash
867,2024-11-26,4122,Shipped,Cash
868,2025-05-27,6554,Shipped,"Debit Card"
869,2024-03-18,758,Processing,"Credit Card"
870,2023-09-04,5652,Shipped,"Credit Card"
871,2024-10-27,7274,Processing,PayPal
872,2024-10-22,3536,Shipped,"Debit Card"
873,2024-03-22,2294,Shipped,"Debit Card"
874,2023-12-10,1105,Shipped,Cash
875,2023-08-24,8854,Processing,PayPal
876,2023-12-20,909,Shipped,"Debit Card"
877,2023-08-03,6540,Processing,Cash
878,2023-09-23,4618,Shipped,Cash
879,2023-09-04,7070,Processing,PayPal
880,2025-02-17,2312,Shipped,Cash
881,2025-05-31,790,Processing,Cash
882,2025-02-15,172,Shipped,"Debit Card"
883,2024-04-26,7990,Shipped,Cash
884,2024-04-27,1886,Shipped,"Credit Card"
885,2024-07-11,8668,Shipped,Cash
886,2024-05-29,1050,Shipped,"Credit Card"
887,2023-10-13,4130,Cancelled,"Debit Card"
888,2024-06-18,1162,Shipped,Cash
889,2023-10-10,816,Shipped,Cash
890,2024-11-13,3767,Shipped,"Credit Card"
891,2024-11-10,8946,Shipped,PayPal
892,2024-10-21,4662,Shipped,"Credit Card"
893,2024-07-26,8654,Shipped,"Credit Card"
894,2023-08-20,3240,Processing,"Credit Card"
895,2025-05-28,8273,Shipped,"Debit Card"
896,2025-01-15,2805,Processing,"Credit Card"
897,2025-06-21,8032,Shipped,PayPal
898,2024-07-05,870,Shipped,"Credit Card"
899,2023-08-23,5527,Processing,PayPal
900,2025-01-08,7742,Shipped,Cash
901,2024-07-03,4695,Processing,"Credit Card"
902,2025-01-16,8999,Shipped,Cash
903,2023-07-26,1935,Shipped,"Debit Card"
904,2025-05-20,5173,Processing,"Debit Card"
905,2025-06-04,704,Shipped,Cash
906,2023-08-15,2524,Processing,PayPal
907,2024-08-01,2640,Shipped,Cash
908,2024-05-07,6160,Cancelled,"Credit Card"
909,2024-05-13,3910,Shipped,PayPal
910,2023-09-11,1165,Shipped,"Credit Card"
911,2024-01-17,620,Shipped,Cash
912,2023-07-03,7983,Shipped,Cash
913,2025-03-14,3067,Shipped,"Credit Card"
914,2024-02-16,4873,Shipped,"Debit Card"
915,2025-02-13,8639,Cancelled,Cash
916,2024-03-22,2338,Cancelled,"Credit Card"
917,2024-01-25,8401,Shipped,Cash
918,2023-07-07,5595,Shipped,"Credit Card"
919,2025-06-07,2461,Shipped,Cash
920,2023-07-05,6821,Shipped,PayPal
921,2024-01-15,5547,Returned,PayPal
922,2025-04-12,3443,Returned,"Debit Card"
923,2024-01-02,2712,Shipped,Cash
924,2025-05-07,1292,Shipped,"Credit Card"
925,2024-01-28,5375,Shipped,"Debit Card"
926,2024-12-07,9593,Returned,"Credit Card"
927,2024-08-27,2656,Shipped,"Credit Card"
928,2024-12-27,6514,Shipped,"Credit Card"
929,2024-09-30,7395,Shipped,Cash
930,2023-12-04,705,Shipped,Cash
931,2024-08-09,826,Shipped,PayPal
932,2024-07-03,9197,Shipped,Cash
933,2025-02-15,377,Cancelled,PayPal
934,2024-07-30,973,Shipped,Cash
935,2024-02-12,4214,Processing,Cash
936,2023-11-14,444,Shipped,Cash
937,2024-02-28,7520,Cancelled,"Debit Card"
938,2025-01-25,755,Cancelled,PayPal
939,2023-11-03,4736,Shipped,"Debit Card"
940,2024-05-14,5397,Shipped,PayPal
941,2023-08-15,3466,Shipped,"Debit Card"
942,2025-01-19,2712,Shipped,"Debit Card"
943,2024-06-06,2408,Cancelled,Cash
944,2025-03-14,8815,Processing,Cash
945,2024-11-06,5589,Shipped,"Debit Card"
946,2024-04-04,6105,Processing,"Credit Card"
947,2024-10-07,5748,Shipped,PayPal
948,2024-03-12,1724,Shipped,PayPal
949,2024-10-20,7225,Shipped,Cash
950,2024-12-09,1920,Shipped,PayPal
951,2023-09-06,919,Shipped,Cash
952,2024-12-08,4216,Cancelled,"Credit Card"
953,2024-11-29,582,Shipped,Cash
954,2023-11-25,3882,Shipped,Cash
955,2024-12-23,9879,Shipped,"Debit Card"
956,2025-02-24,3910,Shipped,"Credit Card"
957,2024-01-30,2000,Shipped,Cash
958,2024-04-27,401,Shipped,PayPal
959,2024-04-02,3649,Shipped,Cash
960,2024-09-06,5446,Shipped,"Debit Card"
961,2024-07-31,2629,Shipped,PayPal
962,2024-02-15,1657,Shipped,"Credit Card"
963,2024-10-30,621,Shipped,"Debit Card"
964,2024-04-23,247,Shipped,PayPal
965,2024-07-01,5213,Shipped,Cash
966,2024-03-20,3340,Shipped,"Credit Card"
967,2023-12-30,6759,Cancelled,"Credit Card"
968,2024-01-12,7087,Shipped,"Debit Card"
969,2024-07-02,3011,Shipped,PayPal
970,2024-05-03,4720,Cancelled,"Debit Card"
971,2024-04-22,2369,Shipped,"Debit Card"
972,2023-08-06,1840,Shipped,PayPal
973,2023-10-13,2904,Cancelled,PayPal
974,2025-04-16,6206,Cancelled,"Credit Card"
975,2025-01-08,4396,Processing,PayPal
976,2023-09-12,5768,Shipped,Cash
977,2025-01-16,3692,Shipped,"Credit Card"
978,2025-01-30,7471,Returned,"Debit Card"
979,2024-12-05,3842,Shipped,"Debit Card"
980,2024-12-28,4349,Processing,Cash
981,2024-06-15,6622,Shipped,PayPal
982,2023-10-07,1393,Shipped,PayPal
983,2023-11-09,6061,Shipped,PayPal
984,2024-02-19,4256,Shipped,PayPal
985,2025-04-28,4301,Shipped,"Debit Card"
986,2024-11-18,3339,Shipped,"Credit Card"
987,2024-10-26,5488,Shipped,Cash
988,2024-10-10,3515,Shipped,PayPal
989,2024-02-21,760,Shipped,"Debit Card"
990,2024-04-06,9916,Shipped,PayPal
991,2025-03-10,8622,Shipped,"Credit Card"
992,2025-04-01,6794,Cancelled,"Debit Card"
993,2025-04-18,2460,Shipped,PayPal
994,2024-06-30,5274,Cancelled,"Debit Card"
995,2024-03-03,1719,Shipped,"Credit Card"
996,2024-06-21,9458,Shipped,"Debit Card"
997,2023-07-23,5424,Processing,"Debit Card"
998,2025-06-18,1309,Shipped,Cash
999,2024-01-13,1051,Shipped,Cash
1000,2023-06-24,5480,Shipped,"Debit Card"
